[{"model": "lenivastore.category", "pk": 1, "fields": {"name": "books", "slug": "books", "created_at": "2023-01-20T21:12:33.738", "updated_at": "2023-01-20T21:12:33.738"}}, {"model": "lenivastore.category", "pk": 2, "fields": {"name": "cd", "slug": "cd", "created_at": "2023-01-20T21:12:40.442", "updated_at": "2023-01-20T21:12:40.442"}}, {"model": "lenivastore.category", "pk": 3, "fields": {"name": "pen", "slug": "pen", "created_at": "2023-01-20T21:12:55.612", "updated_at": "2023-01-20T21:12:55.612"}}, {"model": "lenivastore.category", "pk": 4, "fields": {"name": "\u041e\u0431\u043e\u0440\u0443\u0434\u043e\u0432\u0430\u043d\u0438\u0435", "slug": "oborudovanie", "created_at": "2023-02-06T18:35:12.066", "updated_at": "2023-02-06T18:35:12.066"}}, {"model": "lenivastore.category", "pk": 5, "fields": {"name": "\u0423\u0441\u043b\u0443\u0433\u0438", "slug": "uslugi", "created_at": "2023-02-06T18:35:19.548", "updated_at": "2023-02-06T18:35:19.548"}}, {"model": "lenivastore.product", "pk": 2, "fields": {"category": 5, "name": "\u041c\u0430\u0440\u043a\u0438\u0440\u043e\u0432\u043a\u0430 \u0442\u043e\u0432\u0430\u0440\u043e\u0432 \"\u043f\u043e\u0434 \u043a\u043b\u044e\u0447\"", "slug": "way", "description": "\u041c\u0430\u0440\u043a\u0438\u0440\u043e\u0432\u043a\u0430 \u0442\u043e\u0432\u0430\u0440\u043e\u0432 \u043f\u043e\u0434 \u043a\u043b\u044e\u0447 \u2014 \u0433\u043e\u0442\u043e\u0432\u043e\u0435 \u0440\u0435\u0448\u0435\u043d\u0438\u0435 \u0434\u043b\u044f \u0440\u0430\u0431\u043e\u0442\u044b \u0441 \u043c\u0430\u0440\u043a\u0438\u0440\u043e\u0432\u043a\u043e\u0439. \u041f\u043e\u0434\u0431\u043e\u0440 \u043e\u0431\u043e\u0440\u0443\u0434\u043e\u0432\u0430\u043d\u0438\u044f \u0438 \u041f\u041e \u043e\u0441\u0443\u0449\u0435\u0441\u0442\u0432\u043b\u044f\u0435\u0442\u0441\u044f \u0438\u043d\u0434\u0438\u0432\u0438\u0434\u0443\u0430\u043b\u044c\u043d\u043e \u0441 \u0443\u0447\u0435\u0442\u043e\u043c \u0441\u043f\u0435\u0446\u0438\u0444\u0438\u043a\u0438 \u0431\u0438\u0437\u043d\u0435\u0441\u0430 (\u0430\u0443\u0434\u0438\u0442 \u043f\u0440\u043e\u0432\u043e\u0434\u0438\u0442\u0441\u044f \u0431\u0435\u0441\u043f\u043b\u0430\u0442\u043d\u043e). \u0421\u043e\u0442\u0440\u0443\u0434\u043d\u0438\u0447\u0435\u0441\u0442\u0432\u043e \u043d\u0435 \u043e\u0433\u0440\u0430\u043d\u0438\u0447\u0438\u0432\u0430\u0435\u0442\u0441\u044f \u0442\u043e\u043b\u044c\u043a\u043e \u043f\u043e\u0441\u0442\u0430\u0432\u043a\u043e\u0439 \u2014", "features": "\u0425\u043e\u0442\u0438\u0442\u0435 \u0438\u0437\u0431\u0435\u0436\u0430\u0442\u044c \u0448\u0442\u0440\u0430\u0444\u043e\u0432 \u043f\u043e \u043c\u0430\u0440\u043a\u0438\u0440\u043e\u0432\u043a\u0435?\r\n\u0412\u043d\u0435\u0434\u0440\u0438\u043c \u0440\u0435\u0448\u0435\u043d\u0438\u0435 \u043f\u043e\u0434 \u043a\u043b\u044e\u0447 \u0437\u0430 7 \u0434\u043d\u0435\u0439\r\n\u041d\u0430 30% \u0432\u044b\u0433\u043e\u0434\u043d\u0435\u0435 \u0437\u0430\u0441\u0447\u0451\u0442 \u0443\u0434\u0430\u043b\u0451\u043d\u043d\u044b\u0445 \u0440\u0430\u0431\u043e\u0442!", "price": "20000.00", "available": true, "stock": 999, "created_at": "2023-01-20T21:13:45.279", "updated_at": "2023-02-08T00:05:29.785", "image": "images/way.png"}}, {"model": "lenivastore.product", "pk": 4, "fields": {"category": 4, "name": "\u041a\u0430\u0441\u0441\u0430", "slug": "kassa", "description": "\u0411\u0430\u043d\u043a\u043e\u0432\u0441\u043a\u0438\u0435 \u0442\u0435\u0440\u043c\u0438\u043d\u0430\u043b\u044b \u0434\u043b\u044f \u043f\u0440\u0438\u043d\u044f\u0442\u0438\u044f \u0431\u0435\u0437\u043d\u0430\u043b\u0438\u0447\u043d\u044b\u0445 \u043f\u043b\u0430\u0442\u0435\u0436\u0435\u0439 ingenico. \u0424\u0443\u043d\u043a\u0446\u0438\u043e\u043d\u0430\u043b\u044c\u043d\u043e\u0435 \u043a\u043e\u043c\u043f\u0430\u043a\u0442\u043d\u043e\u0435 \u0443\u0441\u0442\u0440\u043e\u0439\u0441\u0442\u0432\u043e (\u043c\u043e\u0431\u0438\u043b\u044c\u043d\u044b\u0439 \u0438\u043b\u0438 \u0441\u0442\u0430\u0446\u0438\u043e\u043d\u0430\u0440\u043d\u044b\u0439 \u043f\u0438\u043d-\u043f\u0430\u0434).", "features": "\u0411\u0430\u043d\u043a\u043e\u0432\u0441\u043a\u0438\u0435 \u0442\u0435\u0440\u043c\u0438\u043d\u0430\u043b\u044b \u0434\u043b\u044f \u043f\u0440\u0438\u043d\u044f\u0442\u0438\u044f \u0431\u0435\u0437\u043d\u0430\u043b\u0438\u0447\u043d\u044b\u0445 \u043f\u043b\u0430\u0442\u0435\u0436\u0435\u0439 ingenico. \u0424\u0443\u043d\u043a\u0446\u0438\u043e\u043d\u0430\u043b\u044c\u043d\u043e\u0435 \u043a\u043e\u043c\u043f\u0430\u043a\u0442\u043d\u043e\u0435 \u0443\u0441\u0442\u0440\u043e\u0439\u0441\u0442\u0432\u043e (\u043c\u043e\u0431\u0438\u043b\u044c\u043d\u044b\u0439 \u0438\u043b\u0438 \u0441\u0442\u0430\u0446\u0438\u043e\u043d\u0430\u0440\u043d\u044b\u0439 \u043f\u0438\u043d-\u043f\u0430\u0434).", "price": "2000.00", "available": true, "stock": 1, "created_at": "2023-02-06T20:01:33.895", "updated_at": "2023-02-07T18:24:45.821", "image": "images/kassa.jpg"}}, {"model": "lenivastore.product", "pk": 5, "fields": {"category": 4, "name": "\u041e\u043d\u043b\u0430\u0439\u043d-\u043a\u0430\u0441\u0441\u0430 \u041a\u0430\u0441\u0441\u0430\u0442\u043a\u0430 mini", "slug": "kassa-123", "description": "\u041a\u0430\u0441\u0441\u0430\u0442\u043a\u0430-MINI \u0431\u0435\u0437 \u0424\u041d, + NFC \u043c\u043e\u0433\u043e \u043a\u043e\u043d\u0442\u0435\u043d\u0442\u0430.", "features": "\u041e\u043d\u043b\u0430\u0439\u043d-\u043a\u0430\u0441\u0441\u0430 \u041a\u0430\u0441\u0441\u0430\u0442\u043a\u0430 mini \u2014 \u043a\u043e\u043c\u043f\u0430\u043a\u0442\u043d\u044b\u0439 \u0442\u0435\u0440\u043c\u0438\u043d\u0430\u043b \u0434\u043b\u044f \u043f\u043b\u0430\u0441\u0442\u0438\u043a\u043e\u0432\u044b\u0445 \u043a\u0430\u0440\u0442, \u043e\u043f\u0442\u0438\u043c\u0430\u043b\u044c\u043d\u043e \u043f\u043e\u0434\u0445\u043e\u0434\u044f\u0449\u0438\u0439 \u0434\u043b\u044f \u043d\u0435\u0431\u043e\u043b\u044c\u0448\u0438\u0445 \u0442\u043e\u0440\u0433\u043e\u0432\u044b\u0445 \u0442\u043e\u0447\u0435\u043a. \u0412 \u043e\u0441\u043d\u043e\u0432\u0435 \u0441\u0438\u0441\u0442\u0435\u043c\u044b \u043b\u0435\u0436\u0430\u0442 1 \u0413\u0431 \u041e\u0417\u0423 \u0438 \u043f\u0440\u043e\u0446\u0435\u0441\u0441\u043e\u0440 ARM c 32-\u0445 \u0431\u0438\u0442\u043d\u043e\u0439 \u0440\u0430\u0437\u0440\u044f\u0434\u043d\u043e\u0441\u0442\u044c\u044e, \u043f\u043e\u0437\u0432\u043e\u043b\u044f\u044e\u0449\u0438\u0435 \u043c\u043e\u0434\u0435\u043b\u0438 \u0431\u044b\u0441\u0442\u0440\u043e \u0441\u0447\u0438\u0442\u044b\u0432\u0430\u0442\u044c \u0438\u043d\u0444\u043e\u0440\u043c\u0430\u0446\u0438\u044e \u0441 \u0447\u0438\u043f\u043e\u0432 \u0438 \u043c\u0430\u0433\u043d\u0438\u0442\u043d\u044b\u0445 \u043b\u0435\u043d\u0442. \u041a\u0430\u0441\u0441\u0430 \u0441\u043e\u0432\u043c\u0435\u0441\u0442\u0438\u043c\u0430 \u0441 \u0440\u0430\u0431\u043e\u0447\u0438\u043c\u0438 \u0441\u0442\u0430\u043d\u0446\u0438\u044f\u043c\u0438 \u043f\u043e\u0434 \u0443\u043f\u0440\u0430\u0432\u043b\u0435\u043d\u0438\u0435\u043c \u041e\u0421 Android \u0438 Windows 7. \u041c\u043e\u0434\u0435\u043b\u044c \u043f\u043e\u0434\u0434\u0435\u0440\u0436\u0438\u0432\u0430\u0435\u0442 \u0442\u0435\u0445\u043d\u043e\u043b\u043e\u0433\u0438\u044e \u0431\u0435\u0441\u043a\u043e\u043d\u0442\u0430\u043a\u0442\u043d\u043e\u0439 \u043f\u0435\u0440\u0435\u0434\u0430\u0447\u0438 \u0434\u0430\u043d\u043d\u044b\u0445 NFC. \u0421\u0432\u044f\u0437\u044c \u0443\u0441\u0442\u0440\u043e\u0439\u0441\u0442\u0432\u0430 \u0441 \u041f\u041a \u043e\u0431\u0435\u0441\u043f\u0435\u0447\u0438\u0432\u0430\u0435\u0442 \u0432\u0441\u0442\u0440\u043e\u0435\u043d\u043d\u044b\u0439 \u043c\u043e\u0434\u0443\u043b\u044c Bluetooth V 4.0. \u0410\u043f\u043f\u0430\u0440\u0430\u0442 \u043c\u043e\u0436\u0435\u0442 \u0437\u0430\u0440\u044f\u0436\u0430\u0442\u044c\u0441\u044f \u043e\u0442 \u0441\u0435\u0442\u0438 \u043f\u043e\u0441\u0440\u0435\u0434\u0441\u0442\u0432\u043e\u043c Micro-USB \u0440\u0430\u0437\u044a\u0435\u043c\u0430, \u0430\u0432\u0442\u043e\u043d\u043e\u043c\u043d\u044b\u0439 \u0440\u0435\u0436\u0438\u043c \u0440\u0430\u0431\u043e\u0442\u044b \u043a\u0430\u0441\u0441\u044b \u043e\u0431\u0435\u0441\u043f\u0435\u0447\u0438\u0432\u0430\u0435\u0442 \u0432\u0441\u0442\u0440\u043e\u0435\u043d\u043d\u044b\u0439 \u0430\u043a\u043a\u0443\u043c\u0443\u043b\u044f\u0442\u043e\u0440 \u0435\u043c\u043a\u043e\u0441\u0442\u044c\u044e 2200 \u043c\u0410\u0447.", "price": "14000.00", "available": true, "stock": 5, "created_at": "2023-02-06T20:06:25.561", "updated_at": "2023-02-08T00:17:41.384", "image": "images/kassa-123.jpg"}}, {"model": "lenivastore.product", "pk": 6, "fields": {"category": 4, "name": "\u041f\u0440\u0438\u043d\u0442\u0435\u0440 \u044d\u0442\u0438\u043a\u0435\u0442\u043e\u043a Honeywell PC42T", "slug": "printer", "description": "\u041f\u0440\u0438\u043d\u0442\u0435\u0440 \u044d\u0442\u0438\u043a\u0435\u0442\u043e\u043a (\u0442\u0435\u0440\u043c\u043e\u0442\u0440\u0430\u043d\u0441\u0444\u0435\u0440\u043d\u044b\u0439, 203 dpi, USB/USB Host) Honeywell PC42T Plus, \u0411\u041f (PC42TRE01018)", "features": "\u041f\u0440\u0438\u043d\u0442\u0435\u0440 \u044d\u0442\u0438\u043a\u0435\u0442\u043e\u043a Honeywell PC42t \u2014 \u0443\u0441\u0442\u0440\u043e\u0439\u0441\u0442\u0432\u043e, \u0448\u0438\u0440\u043e\u043a\u043e \u0432\u043e\u0441\u0442\u0440\u0435\u0431\u043e\u0432\u0430\u043d\u043d\u043e\u0435 \u0432 \u0441\u0444\u0435\u0440\u0435 \u0440\u043e\u0437\u043d\u0438\u0447\u043d\u043e\u0439 \u0442\u043e\u0440\u0433\u043e\u0432\u043b\u0438. \u0412 \u043e\u0441\u043d\u043e\u0432\u0443 \u043c\u043e\u0434\u0435\u043b\u0438 \u0437\u0430\u043b\u043e\u0436\u0435\u043d \u0442\u0435\u0440\u043c\u043e\u0442\u0440\u0430\u043d\u0441\u0444\u0435\u0440\u043d\u044b\u0439 \u0442\u0438\u043f \u043f\u0435\u0447\u0430\u0442\u0438, \u0441\u043a\u043e\u0440\u043e\u0441\u0442\u044c \u0440\u0430\u0431\u043e\u0442\u044b \u043a\u043e\u0442\u043e\u0440\u043e\u0439 \u0441\u043e\u0441\u0442\u0430\u0432\u043b\u044f\u0435\u0442 101,6 \u043c\u043c/\u0441. \u0423\u0441\u0442\u0440\u043e\u0439\u0441\u0442\u0432\u043e \u043d\u0435\u0441\u0435\u0442 \u0432 \u0441\u0435\u0431\u0435 64 \u041c\u0431 \u041e\u0417\u0423, \u043f\u043e\u0437\u0432\u043e\u043b\u044f\u044e\u0449\u0438\u0435 \u0437\u0430\u043c\u0435\u0442\u043d\u043e \u0441\u043e\u043a\u0440\u0430\u0442\u0438\u0442\u044c \u0432\u0440\u0435\u043c\u044f \u043f\u043e\u0441\u0442\u0430\u043d\u043e\u0432\u043a\u0438 \u0438 \u043e\u0442\u043f\u0440\u0430\u0432\u043a\u0438 \u0437\u0430\u0434\u0430\u043d\u0438\u044f \u043d\u0430 \u043f\u0435\u0447\u0430\u0442\u044c. \u0422\u0430\u043a\u0436\u0435 \u0432 \u043c\u043e\u0434\u0435\u043b\u0438 \u043f\u0440\u0435\u0434\u0443\u0441\u043c\u043e\u0442\u0440\u0435\u043d\u0430 \u0432\u043e\u0437\u043c\u043e\u0436\u043d\u043e\u0441\u0442\u044c \u0440\u0430\u0441\u0448\u0438\u0440\u0435\u043d\u0438\u044f \u043f\u043e\u0441\u0442\u043e\u044f\u043d\u043d\u043e\u0439 \u043f\u0430\u043c\u044f\u0442\u0438 \u043f\u043e\u0441\u0440\u0435\u0434\u0441\u0442\u0432\u043e\u043c USB-\u043d\u0430\u043a\u043e\u043f\u0438\u0442\u0435\u043b\u0435\u0439 \u043e\u0431\u044a\u0435\u043c\u043e\u043c \u0434\u043e 32 \u0413\u0431. \u0423\u0441\u0442\u0440\u043e\u0439\u0441\u0442\u0432\u043e \u0441\u043f\u043e\u0441\u043e\u0431\u043d\u043e \u0440\u0430\u0431\u043e\u0442\u0430\u0442\u044c \u0441 \u044d\u0442\u0438\u043a\u0435\u0442\u043a\u0430\u043c\u0438, \u043d\u0430\u0440\u0443\u0436\u043d\u044b\u0439 \u0434\u0438\u0430\u043c\u0435\u0442\u0440 \u043a\u043e\u0442\u043e\u0440\u044b\u0445 \u0441\u043e\u0441\u0442\u0430\u0432\u043b\u044f\u0435\u0442 127 \u043c\u043c. \u041c\u043e\u0434\u0435\u043b\u044c \u043f\u043e\u0434\u0434\u0435\u0440\u0436\u0438\u0432\u0430\u0435\u0442 \u043b\u0438\u043d\u0435\u0439\u043d\u044b\u0435 \u0438 \u0434\u0432\u0443\u0445\u043c\u0435\u0440\u043d\u044b\u0435 \u0448\u0442\u0440\u0438\u0445-\u043a\u043e\u0434\u044b \u043f\u043e\u043f\u0443\u043b\u044f\u0440\u043d\u044b\u0445 \u0444\u043e\u0440\u043c\u0430\u0442\u043e\u0432.\r\n\r\n\u041a\u043e\u043c\u043f\u0430\u043a\u0442\u043d\u044b\u0439 \u043f\u0440\u0438\u043d\u0442\u0435\u0440 \u044d\u0442\u0438\u043a\u0435\u0442\u043e\u043a Honeywell PC42t \u0440\u0430\u0437\u0440\u0430\u0431\u043e\u0442\u0430\u043d \u0434\u043b\u044f \u043b\u0435\u0433\u043a\u043e\u0439 \u0435\u0436\u0435\u0434\u043d\u0435\u0432\u043d\u043e\u0439 \u0440\u0430\u0431\u043e\u0442\u044b. \u041e\u0442\u043b\u0438\u0447\u043d\u044b\u0439 \u0432\u044b\u0431\u043e\u0440 \u0434\u043b\u044f \u0442\u043e\u0440\u0433\u043e\u0432\u044b\u0445 \u043f\u0440\u0435\u0434\u043f\u0440\u0438\u044f\u0442\u0438\u0439, \u0430\u043f\u0442\u0435\u043a, \u043c\u0435\u0434\u0438\u0446\u0438\u043d\u0441\u043a\u0438\u0445 \u0443\u0447\u0440\u0435\u0436\u0434\u0435\u043d\u0438\u0439, \u043e\u043d\u043b\u0430\u0439\u043d-\u043c\u0430\u0433\u0430\u0437\u0438\u043d\u043e\u0432, \u043f\u043e\u0437\u0432\u043e\u043b\u044f\u044f \u0430\u0432\u0442\u043e\u043c\u0430\u0442\u0438\u0437\u0438\u0440\u043e\u0432\u0430\u0442\u044c \u043a\u0430\u043a \u0441\u0440\u0435\u0434\u043d\u0438\u0439, \u0442\u0430\u043a \u0438 \u043c\u0430\u043b\u044b\u0439 \u0431\u0438\u0437\u043d\u0435\u0441.", "price": "180000.00", "available": true, "stock": 5, "created_at": "2023-02-06T20:07:08.961", "updated_at": "2023-02-08T00:14:46.965", "image": "images/printer.webp"}}, {"model": "lenivastore.product", "pk": 9, "fields": {"category": 5, "name": "\u042d\u043b\u0435\u043a\u0442\u0440\u043e\u043d\u043d\u0430\u044f \u043f\u043e\u0434\u043f\u0438\u0441\u044c", "slug": "elektronnaya-podpis", "description": "\u042d\u043b\u0435\u043a\u0442\u0440\u043e\u043d\u043d\u0430\u044f \u043f\u043e\u0434\u043f\u0438\u0441\u044c \u0432 \u0421\u0442\u0430\u0432\u0440\u043e\u043f\u043e\u043b\u0435\r\n\u0411\u044b\u0441\u0442\u0440\u044b\u0439 \u0432\u044b\u043f\u0443\u0441\u043a \u042d\u041f \u043d\u0430 \u043b\u044e\u0431\u043e\u043c \u043d\u043e\u0441\u0438\u0442\u0435\u043b\u0435\r\n\u041e\u0444\u043e\u0440\u043c\u043b\u0435\u043d\u0438\u0435 \u0437\u0430 1 \u0434\u0435\u043d\u044c\r\n\u041d\u0438\u0437\u043a\u0430\u044f \u0446\u0435\u043d\u0430\r\n\u041c\u0438\u043d\u0438\u043c\u0430\u043b\u044c\u043d\u044b\u0439 \u043f\u0430\u043a\u0435\u0442 \u0434\u043e\u043a\u0443\u043c\u0435\u043d\u0442\u043e\u0432\r\n\u0414\u043e\u0441\u0442\u0430\u0432\u043a\u0430 \u043b\u0438\u0447\u043d\u043e \u0432 \u0440\u0443\u043a\u0438 \u0438\u043b\u0438 \u0441\u0430\u043c\u043e\u0432\u044b\u0432\u043e\u0437", "features": "\u042d\u043b\u0435\u043a\u0442\u0440\u043e\u043d\u043d\u0430\u044f \u043f\u043e\u0434\u043f\u0438\u0441\u044c \u2014 \u0440\u0435\u043a\u0432\u0438\u0437\u0438\u0442 \u0446\u0438\u0444\u0440\u043e\u0432\u043e\u0433\u043e \u0434\u043e\u043a\u0443\u043c\u0435\u043d\u0442\u0430, \u043f\u043e\u0434\u0442\u0432\u0435\u0440\u0436\u0434\u0430\u044e\u0449\u0438\u0439 \u0435\u0433\u043e \u0430\u0432\u0442\u043e\u0440\u0441\u0442\u0432\u043e \u0438 \u043e\u0431\u043b\u0430\u0434\u0430\u044e\u0449\u0438\u0439 \u044e\u0440\u0438\u0434\u0438\u0447\u0435\u0441\u043a\u043e\u0439 \u0437\u043d\u0430\u0447\u0438\u043c\u043e\u0441\u0442\u044c\u044e. \u0412 \u043a\u0440\u0430\u0442\u0447\u0430\u0439\u0448\u0438\u0435 \u0441\u0440\u043e\u043a\u0438 \u0432\u044b\u043f\u0443\u0441\u0442\u0438\u043c \u0443\u0441\u0438\u043b\u0435\u043d\u043d\u0443\u044e \u043a\u0432\u0430\u043b\u0438\u0444\u0438\u0446\u0438\u0440\u043e\u0432\u0430\u043d\u043d\u0443\u044e \u044d\u043b\u0435\u043a\u0442\u0440\u043e\u043d\u043d\u0443\u044e \u043f\u043e\u0434\u043f\u0438\u0441\u044c (\u0423\u041a\u042d\u041f) \u0434\u043b\u044f \u043b\u044e\u0431\u044b\u0445 \u0446\u0435\u043b\u0435\u0439 \u0438 \u0437\u0430\u0434\u0430\u0447! \u041d\u0430\u0438\u0431\u043e\u043b\u0435\u0435 \u0432\u043e\u0441\u0442\u0440\u0435\u0431\u043e\u0432\u0430\u043d\u044b \u043d\u0435\u0441\u043a\u043e\u043b\u044c\u043a\u043e \u0432\u0438\u0434\u0430 \u042d\u041f: \u00ab\u0441\u0442\u0430\u043d\u0434\u0430\u0440\u0442\u043d\u0430\u044f\u00bb (\u0434\u043b\u044f \u0440\u0435\u0433\u0438\u0441\u0442\u0440\u0430\u0446\u0438\u0438 \u043a\u0430\u0441\u0441\u044b \u0432 \u043d\u0430\u043b\u043e\u0433\u043e\u0432\u043e\u0439 \u0441\u043b\u0443\u0436\u0431\u0435, \u0443\u0434\u0430\u043b\u0435\u043d\u043d\u043e\u0433\u043e \u043f\u0440\u0435\u0434\u0441\u0442\u0430\u0432\u043b\u0435\u043d\u0438\u044f \u0431\u0443\u0445\u043e\u0442\u0447\u0435\u0442\u043d\u043e\u0441\u0442\u0438 \u0432 \u0424\u041d\u0421 \u0420\u043e\u0441\u0441\u0438\u0438 \u0438 \u0434\u0440\u0443\u0433\u0438\u0445 \u043e\u043f\u0435\u0440\u0430\u0446\u0438\u0439) \u0438\u043b\u0438 \u0441\u043e \u0432\u0448\u0438\u0442\u044b\u043c \u043a\u0440\u0438\u0442\u043e\u043f\u0440\u043e\u0432\u0430\u0439\u0434\u0435\u0440\u043e\u043c \u041a\u0440\u0438\u043f\u0442\u043e\u041f\u0440\u043e CSP (\u043e\u0431\u0435 \u043f\u0440\u0435\u0434\u043e\u0441\u0442\u0430\u0432\u043b\u044f\u044e\u0442\u0441\u044f \u0431\u0435\u0437 \u0420\u0443\u0442\u043e\u043a\u0435\u043d\u0430), \u0434\u043b\u044f \u0432\u0437\u0430\u0438\u043c\u043e\u0434\u0435\u0439\u0441\u0442\u0432\u0438\u044f \u0441 \u0415\u0413\u0410\u0418\u0421 (\u043d\u0430 \u0437\u0430\u0449\u0438\u0449\u0435\u043d\u043d\u043e\u043c \u043a\u043b\u044e\u0447\u0435\u0432\u043e\u043c \u043d\u043e\u0441\u0438\u0442\u0435\u043b\u0435) \u0438\u043b\u0438 \u0434\u043b\u044f \u0442\u043e\u0440\u0433\u043e\u0432\u044b\u0445 \u043f\u043b\u043e\u0449\u0430\u0434\u043e\u043a. \u041f\u0440\u0435\u0434\u0443\u0441\u043c\u043e\u0442\u0440\u0435\u043d\u0430 \u0434\u043e\u0441\u0442\u0430\u0432\u043a\u0430 \u043f\u0440\u043e\u0434\u0443\u043a\u0442\u0430, \u0435\u0441\u043b\u0438 \u0442\u0440\u0435\u0431\u0443\u0435\u0442\u0441\u044f \u0440\u0443\u0442\u043e\u043a\u0435\u043d. \u0422\u0430\u043a\u0436\u0435 \u0432\u044b \u043c\u043e\u0436\u0435\u0442\u0435 \u0441\u0430\u043c\u043e\u0441\u0442\u043e\u044f\u0442\u0435\u043b\u044c\u043d\u043e \u0437\u0430\u0431\u0440\u0430\u0442\u044c \u0433\u043e\u0442\u043e\u0432\u0443\u044e \u043f\u043e\u0434\u043f\u0438\u0441\u044c \u0438\u0437 \u043d\u0430\u0448\u0435\u0433\u043e \u043e\u0444\u0438\u0441\u0430. \u0414\u043b\u044f \u043e\u0444\u043e\u0440\u043c\u043b\u0435\u043d\u0438\u044f \u042d\u041f \u0432 \u043d\u0430\u0448\u0435\u0439 \u043a\u043e\u043c\u043f\u0430\u043d\u0438\u0438 \u043f\u043e\u0442\u0440\u0435\u0431\u0443\u0435\u0442\u0441\u044f \u043c\u0438\u043d\u0438\u043c\u0430\u043b\u044c\u043d\u044b\u0439 \u0441\u0440\u043e\u043a \u0438 \u043f\u0430\u043a\u0435\u0442 \u0434\u043e\u043a\u0443\u043c\u0435\u043d\u0442\u043e\u0432!", "price": "1500.00", "available": true, "stock": 999, "created_at": "2023-02-08T00:09:44.387", "updated_at": "2023-02-08T00:09:44.387", "image": "images/elektronnaya-podpis.png"}}, {"model": "lenivastore.news", "pk": 1, "fields": {"title": "\u041e \u043f\u0440\u0435\u043a\u0440\u0430\u0449\u0435\u043d\u0438\u0438 \u043f\u0440\u0438\u043c\u0435\u043d\u0435\u043d\u0438\u044f \u0441 01.01.2023 \u0423\u0421\u041d \u043f\u0440\u0438 \u043f\u0440\u043e\u0438\u0437\u0432\u043e\u0434\u0441\u0442\u0432\u0435 \u044e\u0432\u0435\u043b\u0438\u0440\u043d\u044b\u0445 \u0438 \u0434\u0440\u0443\u0433\u0438\u0445 \u0438\u0437\u0434\u0435\u043b\u0438\u0439 \u0438\u0437 \u0434\u0440\u0430\u0433\u043e\u0446\u0435\u043d\u043d\u044b\u0445", "link": "https://www.nalog.gov.ru/rn77/news/tax_doc_news/13121756/", "image": "images/original.jpeg"}}, {"model": "lenivastore.news", "pk": 2, "fields": {"title": "\u041e\u043f\u0435\u0440\u0430\u0446\u0438\u0438 \u0441 \u043f\u0440\u043e\u0441\u043b\u0435\u0436\u0438\u0432\u0430\u0435\u043c\u044b\u043c\u0438 \u0442\u043e\u0432\u0430\u0440\u0430\u043c\u0438 \u0442\u0435\u043f\u0435\u0440\u044c \u043e\u0442\u0440\u0430\u0436\u0430\u044e\u0442\u0441\u044f \u0432 \u0440\u0435\u0436\u0438\u043c\u0435 \u0440\u0435\u0430\u043b\u044c\u043d\u043e\u0433\u043e \u0432\u0440\u0435\u043c\u0435\u043d\u0438", "link": "https://www.nalog.gov.ru/rn77/news/activities_fts/13121387/", "image": "images/pic-fns.jpeg"}}, {"model": "lenivastore.news", "pk": 3, "fields": {"title": "\u041e\u0441\u043e\u0431\u0435\u043d\u043d\u043e\u0441\u0442\u0438 \u043f\u0440\u0438\u043c\u0435\u043d\u0435\u043d\u0438\u044f \u0430\u0432\u0442\u043e\u0423\u0421\u041d \u0440\u0430\u0437\u044a\u044f\u0441\u043d\u0438\u0442 \u043d\u0430 \u0432\u0435\u0431\u0438\u043d\u0430\u0440\u0435 \u0441\u043f\u0435\u0446\u0438\u0430\u043b\u0438\u0441\u0442 \u0424\u041d\u0421 \u0420\u043e\u0441\u0441\u0438\u0438", "link": "https://www.nalog.gov.ru/rn77/news/activities_fts/13099262/", "image": "images/clavafns.jpeg"}}, {"model": "orders.order", "pk": 1, "fields": {"phone_order": "+12125552368", "first_name": "\u0432\u0430\u0441\u044f", "last_name": "\u043f\u0443\u043f\u043a\u0438\u043d", "email": "valliv2007@yandex.ru", "address": "fbfd", "postal_code": "1255", "city": "\u0432\u0430\u0432\u0430\u0438", "created": "2023-01-20T21:25:18.709", "updated": "2023-01-20T21:25:18.709", "paid": false, "order_processed": false, "card_paid": true, "cupon": null, "discount": 0}}, {"model": "orders.order", "pk": 2, "fields": {"phone_order": "+12125552368", "first_name": "c c", "last_name": "c \u0441\u043c", "email": "valliv2007@ya.ru", "address": "\u0430\u0430\u0432\u043c", "postal_code": "125545", "city": "\u044b\u043c\u044b\u0432\u043c\u0432\u044b\u0430", "created": "2023-01-20T21:25:46.219", "updated": "2023-01-20T21:29:16.825", "paid": false, "order_processed": false, "card_paid": true, "cupon": null, "discount": 10}}, {"model": "orders.order", "pk": 3, "fields": {"phone_order": "+12125552368", "first_name": "\u0430\u0432 \u0432\u0430", "last_name": "\u0430\u0432\u0430 \u0432\u0430", "email": "valliv2007@ya.ru", "address": "\u0432\u0430 \u0432\u0430", "postal_code": "\u0432\u0430 \u0430\u0432", "city": "\u0432\u0430\u0432\u0430\u0438", "created": "2023-01-20T21:27:11.630", "updated": "2023-01-20T21:28:21.274", "paid": true, "order_processed": true, "card_paid": false, "cupon": null, "discount": 0}}, {"model": "orders.order", "pk": 4, "fields": {"phone_order": "+12125552368", "first_name": "C CX", "last_name": "C CX", "email": "valliv2007@ya.ru", "address": "CX", "postal_code": "221", "city": "C XC", "created": "2023-01-20T21:33:23.019", "updated": "2023-01-20T21:33:23.019", "paid": false, "order_processed": false, "card_paid": false, "cupon": 1, "discount": 20}}, {"model": "orders.order", "pk": 5, "fields": {"phone_order": "+12125552368", "first_name": "C CX", "last_name": "C CX", "email": "valliv2007@ya.ru", "address": "CX", "postal_code": "221", "city": "C XC", "created": "2023-01-20T21:33:40.085", "updated": "2023-01-20T21:33:40.085", "paid": false, "order_processed": false, "card_paid": true, "cupon": 1, "discount": 20}}, {"model": "orders.order", "pk": 6, "fields": {"phone_order": "+12125552368", "first_name": "\u0432\u0430\u0441\u044f", "last_name": "\u043f\u0443\u043f\u043a\u0438\u043d", "email": "valliv2007@ya.ru", "address": "\u05dc\u05d7\u05d7\u05dc", "postal_code": "1255", "city": "\u0432\u0430\u0432\u0430\u0438", "created": "2023-01-21T11:43:26.837", "updated": "2023-01-21T11:43:26.837", "paid": false, "order_processed": false, "card_paid": true, "cupon": 1, "discount": 20}}, {"model": "orders.order", "pk": 7, "fields": {"phone_order": "+12125552368", "first_name": "\u0432\u0430\u0441\u044f", "last_name": "\u0421\u043d\u0435\u0436\u043a\u043e", "email": "valliv2007@ya.ru", "address": "CX", "postal_code": "125545", "city": "\u0432\u0430\u0432\u0430\u0438", "created": "2023-01-23T08:10:47.070", "updated": "2023-01-23T08:10:47.070", "paid": false, "order_processed": false, "card_paid": true, "cupon": null, "discount": 0}}, {"model": "orders.order", "pk": 8, "fields": {"phone_order": "+12125552368", "first_name": "\u0432\u0430\u0441\u044f", "last_name": "\u043f\u0443\u043f\u043a\u0438\u043d", "email": "turdei2022@gmail.com", "address": "fbfd", "postal_code": "125545", "city": "\u0432\u0430\u0432\u0430\u0438", "created": "2023-02-07T22:02:56.580", "updated": "2023-02-07T22:02:56.580", "paid": false, "order_processed": false, "card_paid": false, "cupon": null, "discount": 0}}, {"model": "orders.order", "pk": 9, "fields": {"phone_order": "+12125552368", "first_name": "\u0432\u0430\u0441\u044f", "last_name": "\u043f\u0443\u043f\u043a\u0438\u043d", "email": "turdei2022@gmail.com", "address": "fbfd", "postal_code": "125545", "city": "\u0432\u0430\u0432\u0430\u0438", "created": "2023-02-07T22:03:12.670", "updated": "2023-02-07T22:03:12.670", "paid": false, "order_processed": false, "card_paid": true, "cupon": null, "discount": 0}}, {"model": "orders.order", "pk": 10, "fields": {"phone_order": "+12125552368", "first_name": "\u0432\u0430\u0441\u044f", "last_name": "\u043f\u0443\u043f\u043a\u0438\u043d", "email": "turdei2022@gmail.com", "address": "fbfd", "postal_code": "125545", "city": "\u0432\u0430\u0432\u0430\u0438", "created": "2023-02-07T22:04:46.432", "updated": "2023-02-07T22:04:46.432", "paid": false, "order_processed": false, "card_paid": false, "cupon": null, "discount": 0}}, {"model": "orders.order", "pk": 11, "fields": {"phone_order": "+12125552368", "first_name": "\u0432\u0430\u0441\u044f", "last_name": "\u043f\u0443\u043f\u043a\u0438\u043d", "email": "turdei2022@gmail.com", "address": "fbfd", "postal_code": "125545", "city": "\u0432\u0430\u0432\u0430\u0438", "created": "2023-02-07T22:06:45.417", "updated": "2023-02-07T22:06:45.417", "paid": false, "order_processed": false, "card_paid": false, "cupon": null, "discount": 0}}, {"model": "orders.order", "pk": 12, "fields": {"phone_order": "+12125552368", "first_name": "\u0432\u0430\u0441\u044f", "last_name": "\u043f\u0443\u043f\u043a\u0438\u043d", "email": "turdei2022@gmail.com", "address": "fbfd", "postal_code": "125545", "city": "\u0432\u0430\u0432\u0430\u0438", "created": "2023-02-07T22:11:19.478", "updated": "2023-02-07T22:11:19.478", "paid": false, "order_processed": false, "card_paid": false, "cupon": null, "discount": 0}}, {"model": "orders.order", "pk": 13, "fields": {"phone_order": "+12125552368", "first_name": "\u0432\u0430\u0441\u044f", "last_name": "\u0421\u043d\u0435\u0436\u043a\u043e", "email": "varvara@ya.ru", "address": "\u0430\u0430\u0432\u043c", "postal_code": "125545", "city": "\u044b\u043c\u044b\u0432\u043c\u0432\u044b\u0430", "created": "2023-02-07T22:13:44.733", "updated": "2023-02-07T22:13:44.733", "paid": false, "order_processed": false, "card_paid": false, "cupon": null, "discount": 0}}, {"model": "orders.order", "pk": 14, "fields": {"phone_order": "+12125552368", "first_name": "\u0432\u0430\u0441\u044f", "last_name": "\u0448\u043b\u044e\u043f\u043a\u0438\u043d", "email": "tupkin@ya.ru", "address": "\u0430\u0430\u0432\u043c", "postal_code": "125545", "city": "\u0432\u0430\u0432\u0430\u0438", "created": "2023-02-07T22:29:26.666", "updated": "2023-02-07T22:29:26.666", "paid": false, "order_processed": false, "card_paid": false, "cupon": null, "discount": 0}}, {"model": "orders.order", "pk": 15, "fields": {"phone_order": "+12125552368", "first_name": "\u0432\u0430\u0441\u044f", "last_name": "\u0448\u043b\u044e\u043f\u043a\u0438\u043d", "email": "tupkin@ya.ru", "address": "\u0430\u0430\u0432\u043c", "postal_code": "125545", "city": "\u0432\u0430\u0432\u0430\u0438", "created": "2023-02-07T22:29:47.708", "updated": "2023-02-07T22:29:47.708", "paid": false, "order_processed": false, "card_paid": false, "cupon": null, "discount": 0}}, {"model": "orders.order", "pk": 16, "fields": {"phone_order": "+12125552368", "first_name": "\u0412\u0430\u0440\u0432\u0430\u0440\u0430", "last_name": "\u041b\u044e\u0431\u0438\u043c\u0430\u044f", "email": "v.korableva1990@ya.ru", "address": "\u0410\u0445\u0438 \u042d\u0439\u043b\u0430\u0442", "postal_code": "125545", "city": "\u0425\u0430\u0439\u0444\u0430", "created": "2023-02-07T22:47:29.960", "updated": "2023-02-07T22:47:29.960", "paid": false, "order_processed": false, "card_paid": false, "cupon": null, "discount": 0}}, {"model": "orders.order", "pk": 17, "fields": {"phone_order": "+12125552368", "first_name": "\u0412\u0430\u0440\u0432\u0430\u0440\u0430", "last_name": "\u041b\u044e\u0431\u0438\u043c\u0430\u044f", "email": "v.korableva1990@ya.ru", "address": "\u0410\u0445\u0438 \u042d\u0439\u043b\u0430\u0442", "postal_code": "125545", "city": "\u0425\u0430\u0439\u0444\u0430", "created": "2023-02-07T22:49:06.889", "updated": "2023-02-07T22:49:06.889", "paid": false, "order_processed": false, "card_paid": false, "cupon": null, "discount": 0}}, {"model": "orders.order", "pk": 18, "fields": {"phone_order": "+12125552368", "first_name": "\u0412\u0430\u0440\u0432\u0430\u0440\u0430", "last_name": "\u041b\u044e\u0431\u0438\u043c\u0430\u044f", "email": "v.korableva1990@ya.ru", "address": "\u0410\u0445\u0438 \u042d\u0439\u043b\u0430\u0442", "postal_code": "125545", "city": "\u0425\u0430\u0439\u0444\u0430", "created": "2023-02-07T22:50:04.946", "updated": "2023-02-07T22:50:04.946", "paid": false, "order_processed": false, "card_paid": false, "cupon": null, "discount": 0}}, {"model": "orders.order", "pk": 19, "fields": {"phone_order": "+12125552368", "first_name": "\u0412\u0430\u0440\u0432\u0430\u0440\u0430", "last_name": "\u041b\u044e\u0431\u0438\u043c\u0430\u044f", "email": "v.korableva1990@ya.ru", "address": "\u0410\u0445\u0438 \u042d\u0439\u043b\u0430\u0442", "postal_code": "125545", "city": "\u0425\u0430\u0439\u0444\u0430", "created": "2023-02-07T22:50:21.583", "updated": "2023-02-07T22:50:21.583", "paid": false, "order_processed": false, "card_paid": false, "cupon": null, "discount": 0}}, {"model": "orders.order", "pk": 20, "fields": {"phone_order": "+12125552368", "first_name": "\u0412\u0430\u0440\u0432\u0430\u0440\u0430", "last_name": "\u041b\u044e\u0431\u0438\u043c\u0430\u044f", "email": "v.korableva1990@ya.ru", "address": "\u0410\u0445\u0438 \u042d\u0439\u043b\u0430\u0442", "postal_code": "1255", "city": "\u0425\u0430\u0439\u0444\u0430", "created": "2023-02-07T22:54:08.115", "updated": "2023-02-07T22:54:08.115", "paid": false, "order_processed": false, "card_paid": true, "cupon": null, "discount": 0}}, {"model": "orders.orderitem", "pk": 1, "fields": {"order": 1, "product": 2, "price": "200.00", "quantity": 1}}, {"model": "orders.orderitem", "pk": 3, "fields": {"order": 3, "product": 2, "price": "200.00", "quantity": 1}}, {"model": "orders.orderitem", "pk": 6, "fields": {"order": 6, "product": 2, "price": "200.00", "quantity": 1}}, {"model": "orders.orderitem", "pk": 8, "fields": {"order": 7, "product": 2, "price": "200.00", "quantity": 1}}, {"model": "orders.orderitem", "pk": 9, "fields": {"order": 8, "product": 4, "price": "2000.00", "quantity": 1}}, {"model": "orders.orderitem", "pk": 10, "fields": {"order": 9, "product": 4, "price": "2000.00", "quantity": 1}}, {"model": "orders.orderitem", "pk": 11, "fields": {"order": 13, "product": 2, "price": "20000.00", "quantity": 1}}, {"model": "orders.orderitem", "pk": 12, "fields": {"order": 14, "product": 4, "price": "2000.00", "quantity": 3}}, {"model": "orders.orderitem", "pk": 13, "fields": {"order": 15, "product": 4, "price": "2000.00", "quantity": 3}}, {"model": "orders.orderitem", "pk": 14, "fields": {"order": 16, "product": 6, "price": "1234.00", "quantity": 1}}, {"model": "orders.orderitem", "pk": 15, "fields": {"order": 17, "product": 6, "price": "1234.00", "quantity": 1}}, {"model": "orders.orderitem", "pk": 16, "fields": {"order": 18, "product": 6, "price": "1234.00", "quantity": 1}}, {"model": "orders.orderitem", "pk": 17, "fields": {"order": 19, "product": 6, "price": "1234.00", "quantity": 1}}, {"model": "orders.orderitem", "pk": 18, "fields": {"order": 20, "product": 6, "price": "1234.00", "quantity": 1}}, {"model": "cupons.cupon", "pk": 1, "fields": {"code": "ZXD", "valid_from": "2023-01-18T21:31:05", "valid_to": "2023-01-24T21:00:00", "discount": 20, "active": true}}, {"model": "contenttypes.contenttype", "pk": 1, "fields": {"app_label": "lenivastore", "model": "category"}}, {"model": "contenttypes.contenttype", "pk": 2, "fields": {"app_label": "lenivastore", "model": "product"}}, {"model": "contenttypes.contenttype", "pk": 3, "fields": {"app_label": "orders", "model": "order"}}, {"model": "contenttypes.contenttype", "pk": 4, "fields": {"app_label": "orders", "model": "orderitem"}}, {"model": "contenttypes.contenttype", "pk": 5, "fields": {"app_label": "ipn", "model": "paypalipn"}}, {"model": "contenttypes.contenttype", "pk": 6, "fields": {"app_label": "cupons", "model": "cupon"}}, {"model": "contenttypes.contenttype", "pk": 7, "fields": {"app_label": "users", "model": "profile"}}, {"model": "contenttypes.contenttype", "pk": 8, "fields": {"app_label": "admin", "model": "logentry"}}, {"model": "contenttypes.contenttype", "pk": 9, "fields": {"app_label": "auth", "model": "permission"}}, {"model": "contenttypes.contenttype", "pk": 10, "fields": {"app_label": "auth", "model": "group"}}, {"model": "contenttypes.contenttype", "pk": 11, "fields": {"app_label": "auth", "model": "user"}}, {"model": "contenttypes.contenttype", "pk": 12, "fields": {"app_label": "contenttypes", "model": "contenttype"}}, {"model": "contenttypes.contenttype", "pk": 13, "fields": {"app_label": "sessions", "model": "session"}}, {"model": "contenttypes.contenttype", "pk": 14, "fields": {"app_label": "lenivastore", "model": "news"}}, {"model": "sessions.session", "pk": "48g1d365nrq53sqk6y17rdvzdvdh2rth", "fields": {"session_data": "NWIxMmY5OTNlNzUwNDY2YTY2Mzk2ZTNkNWVmNmJlNzljMDZjZmYxODp7ImNhcnQiOnt9fQ==", "expire_date": "2023-02-13T21:19:13.831"}}, {"model": "sessions.session", "pk": "761y6uimhfg893o57vqjaijraiu6vrr8", "fields": {"session_data": "ODYxOTBmNTk1NmE5ZWNiNWIyNjI4NmU2NDA1ODkxOWE4MGJkMTA4Zjp7ImNhcnQiOnsiMiI6eyJxdWFudGl0eSI6MSwicHJpY2UiOiIyMDAwMC4wMCJ9LCIxIjp7InF1YW50aXR5IjoxLCJwcmljZSI6IjEwMC4wMCJ9LCI1Ijp7InF1YW50aXR5IjoxLCJwcmljZSI6IjIwMDAuMDAifX19", "expire_date": "2023-02-21T18:52:05.625"}}, {"model": "sessions.session", "pk": "7fouhhpdpilmav50nc3rfzwxv1g2hmsk", "fields": {"session_data": "NWIxMmY5OTNlNzUwNDY2YTY2Mzk2ZTNkNWVmNmJlNzljMDZjZmYxODp7ImNhcnQiOnt9fQ==", "expire_date": "2023-02-12T03:10:44.974"}}, {"model": "sessions.session", "pk": "8bdjykmfcs8ar3ueqz8mdknwvk6fgbi0", "fields": {"session_data": "ODQyZWRkMTE1YTVmYzgxMWRiNDZkZThjNzZiNzRjODNmZDlmYmZkMzp7ImNhcnQiOnsiMSI6eyJxdWFudGl0eSI6MiwicHJpY2UiOiIxMDAuMDAifSwiNiI6eyJxdWFudGl0eSI6MSwicHJpY2UiOiIxMjM0LjAwIn0sIjIiOnsicXVhbnRpdHkiOjIsInByaWNlIjoiMjAwMDAuMDAifSwiNCI6eyJxdWFudGl0eSI6MiwicHJpY2UiOiIyMDAwLjAwIn19fQ==", "expire_date": "2023-02-21T19:04:17.537"}}, {"model": "sessions.session", "pk": "9j6mzp7wfks6nypr8gcvdj93wuckc0k8", "fields": {"session_data": "NWIxMmY5OTNlNzUwNDY2YTY2Mzk2ZTNkNWVmNmJlNzljMDZjZmYxODp7ImNhcnQiOnt9fQ==", "expire_date": "2023-02-12T02:23:24.184"}}, {"model": "sessions.session", "pk": "gb0kvigvu9iqd027gzdv158os57akfoy", "fields": {"session_data": "YTYzYzhmMmU5OTFjMDBlMzIwNGNmNmRlODE2MDk0YWQ4N2Q0MjM0Zjp7ImNhcnQiOnsiMiI6eyJxdWFudGl0eSI6MSwicHJpY2UiOiIyMDAwMC4wMCJ9LCI3Ijp7InF1YW50aXR5IjoxLCJwcmljZSI6IjEyMzQuMDAifX0sIl9hdXRoX3VzZXJfaWQiOiIxIiwiX2F1dGhfdXNlcl9iYWNrZW5kIjoiZGphbmdvLmNvbnRyaWIuYXV0aC5iYWNrZW5kcy5Nb2RlbEJhY2tlbmQiLCJfYXV0aF91c2VyX2hhc2giOiI2NmVjNmMwNmVkNDg5ODdhYjUyNjY4NTE2ODZlYTdkZTBjYWU0ZDk0In0=", "expire_date": "2023-02-21T18:53:50.812"}}, {"model": "sessions.session", "pk": "h1jjfwuy697qiaj3uzm49zj7rv7gt2vb", "fields": {"session_data": "NWIxMmY5OTNlNzUwNDY2YTY2Mzk2ZTNkNWVmNmJlNzljMDZjZmYxODp7ImNhcnQiOnt9fQ==", "expire_date": "2023-02-12T03:19:14.802"}}, {"model": "sessions.session", "pk": "ha8275tli3otmqufl1tkyn72xib5iszh", "fields": {"session_data": "NWIxMmY5OTNlNzUwNDY2YTY2Mzk2ZTNkNWVmNmJlNzljMDZjZmYxODp7ImNhcnQiOnt9fQ==", "expire_date": "2023-02-12T01:51:14.288"}}, {"model": "sessions.session", "pk": "m1l2imahunc0piomzpo78ft5q8tlhxn0", "fields": {"session_data": "NWIxMmY5OTNlNzUwNDY2YTY2Mzk2ZTNkNWVmNmJlNzljMDZjZmYxODp7ImNhcnQiOnt9fQ==", "expire_date": "2023-02-12T02:04:56.874"}}, {"model": "sessions.session", "pk": "mrr6uo0690xmdcgoi52g917bkcrn4omi", "fields": {"session_data": "ZDRkMmQ2N2RhMmZhMGMxNGYzZjNjZmMyOTZiMDkwYTU2YjU2N2MzNjp7ImNhcnQiOnsiMSI6eyJxdWFudGl0eSI6MiwicHJpY2UiOiIxMDAuMDAifSwiNiI6eyJxdWFudGl0eSI6MSwicHJpY2UiOiIxMjM0LjAwIn0sIjIiOnsicXVhbnRpdHkiOjMsInByaWNlIjoiMjAwMDAuMDAifSwiNCI6eyJxdWFudGl0eSI6MiwicHJpY2UiOiIyMDAwLjAwIn19LCJfYXV0aF91c2VyX2lkIjoiMSIsIl9hdXRoX3VzZXJfYmFja2VuZCI6ImRqYW5nby5jb250cmliLmF1dGguYmFja2VuZHMuTW9kZWxCYWNrZW5kIiwiX2F1dGhfdXNlcl9oYXNoIjoiNjZlYzZjMDZlZDQ4OTg3YWI1MjY2ODUxNjg2ZWE3ZGUwY2FlNGQ5NCJ9", "expire_date": "2023-02-21T22:16:06.771"}}, {"model": "sessions.session", "pk": "mullzqh8uq31pjzqmwhwido6de4fbhrh", "fields": {"session_data": "NWIxMmY5OTNlNzUwNDY2YTY2Mzk2ZTNkNWVmNmJlNzljMDZjZmYxODp7ImNhcnQiOnt9fQ==", "expire_date": "2023-02-21T18:44:02.485"}}, {"model": "sessions.session", "pk": "qfc9ayjyiz60eoiuh94xwzgs1m3zpy9g", "fields": {"session_data": "YmMyNzljNTQxY2U4OWNmMzQxM2VlMjYxYWJiMDIwMzY2NGJhZTA5ZDp7Im9yZGVyX2lkIjozNSwiX2F1dGhfdXNlcl9pZCI6IjEiLCJfYXV0aF91c2VyX2JhY2tlbmQiOiJkamFuZ28uY29udHJpYi5hdXRoLmJhY2tlbmRzLk1vZGVsQmFja2VuZCIsIl9hdXRoX3VzZXJfaGFzaCI6IjY2ZWM2YzA2ZWQ0ODk4N2FiNTI2Njg1MTY4NmVhN2RlMGNhZTRkOTQiLCJjYXJ0Ijp7fX0=", "expire_date": "2023-02-22T00:31:41.830"}}, {"model": "sessions.session", "pk": "rd0j021vkfy4javyfuqsz14pye3f8rv9", "fields": {"session_data": "OGFhZWFiNTk0MmUwYWVmZmRmNTdkMjRjZWVlZDdjODNlNDUyZDVjZjp7Il9hdXRoX3VzZXJfaWQiOiIxIiwiX2F1dGhfdXNlcl9iYWNrZW5kIjoiZGphbmdvLmNvbnRyaWIuYXV0aC5iYWNrZW5kcy5Nb2RlbEJhY2tlbmQiLCJfYXV0aF91c2VyX2hhc2giOiI2NmVjNmMwNmVkNDg5ODdhYjUyNjY4NTE2ODZlYTdkZTBjYWU0ZDk0Iiwib3JkZXJfaWQiOjcsImNhcnQiOnsiMSI6eyJxdWFudGl0eSI6MSwicHJpY2UiOiIxMDAuMDAifX19", "expire_date": "2023-02-06T09:30:26.834"}}, {"model": "sessions.session", "pk": "xa1bnv7csvatxvzbdmnlg0axfrqur7a3", "fields": {"session_data": "Mzk3NzcyMGVkMGNkZGMxMGM2YzgwM2I5NjUwZmVkZThmYTU0ZmM5ODp7ImNhcnQiOnt9LCJfYXV0aF91c2VyX2lkIjoiMSIsIl9hdXRoX3VzZXJfYmFja2VuZCI6ImRqYW5nby5jb250cmliLmF1dGguYmFja2VuZHMuTW9kZWxCYWNrZW5kIiwiX2F1dGhfdXNlcl9oYXNoIjoiNjZlYzZjMDZlZDQ4OTg3YWI1MjY2ODUxNjg2ZWE3ZGUwY2FlNGQ5NCJ9", "expire_date": "2023-02-22T00:27:51.212"}}, {"model": "auth.permission", "pk": 1, "fields": {"name": "Can add \u041a\u0430\u0442\u0435\u0433\u043e\u0440\u0438\u044f", "content_type": 1, "codename": "add_category"}}, {"model": "auth.permission", "pk": 2, "fields": {"name": "Can change \u041a\u0430\u0442\u0435\u0433\u043e\u0440\u0438\u044f", "content_type": 1, "codename": "change_category"}}, {"model": "auth.permission", "pk": 3, "fields": {"name": "Can delete \u041a\u0430\u0442\u0435\u0433\u043e\u0440\u0438\u044f", "content_type": 1, "codename": "delete_category"}}, {"model": "auth.permission", "pk": 4, "fields": {"name": "Can view \u041a\u0430\u0442\u0435\u0433\u043e\u0440\u0438\u044f", "content_type": 1, "codename": "view_category"}}, {"model": "auth.permission", "pk": 5, "fields": {"name": "Can add \u041f\u0440\u043e\u0434\u0443\u043a\u0442", "content_type": 2, "codename": "add_product"}}, {"model": "auth.permission", "pk": 6, "fields": {"name": "Can change \u041f\u0440\u043e\u0434\u0443\u043a\u0442", "content_type": 2, "codename": "change_product"}}, {"model": "auth.permission", "pk": 7, "fields": {"name": "Can delete \u041f\u0440\u043e\u0434\u0443\u043a\u0442", "content_type": 2, "codename": "delete_product"}}, {"model": "auth.permission", "pk": 8, "fields": {"name": "Can view \u041f\u0440\u043e\u0434\u0443\u043a\u0442", "content_type": 2, "codename": "view_product"}}, {"model": "auth.permission", "pk": 9, "fields": {"name": "Can add \u0417\u0430\u043a\u0430\u0437", "content_type": 3, "codename": "add_order"}}, {"model": "auth.permission", "pk": 10, "fields": {"name": "Can change \u0417\u0430\u043a\u0430\u0437", "content_type": 3, "codename": "change_order"}}, {"model": "auth.permission", "pk": 11, "fields": {"name": "Can delete \u0417\u0430\u043a\u0430\u0437", "content_type": 3, "codename": "delete_order"}}, {"model": "auth.permission", "pk": 12, "fields": {"name": "Can view \u0417\u0430\u043a\u0430\u0437", "content_type": 3, "codename": "view_order"}}, {"model": "auth.permission", "pk": 13, "fields": {"name": "Can add order item", "content_type": 4, "codename": "add_orderitem"}}, {"model": "auth.permission", "pk": 14, "fields": {"name": "Can change order item", "content_type": 4, "codename": "change_orderitem"}}, {"model": "auth.permission", "pk": 15, "fields": {"name": "Can delete order item", "content_type": 4, "codename": "delete_orderitem"}}, {"model": "auth.permission", "pk": 16, "fields": {"name": "Can view order item", "content_type": 4, "codename": "view_orderitem"}}, {"model": "auth.permission", "pk": 17, "fields": {"name": "Can add PayPal IPN", "content_type": 5, "codename": "add_paypalipn"}}, {"model": "auth.permission", "pk": 18, "fields": {"name": "Can change PayPal IPN", "content_type": 5, "codename": "change_paypalipn"}}, {"model": "auth.permission", "pk": 19, "fields": {"name": "Can delete PayPal IPN", "content_type": 5, "codename": "delete_paypalipn"}}, {"model": "auth.permission", "pk": 20, "fields": {"name": "Can view PayPal IPN", "content_type": 5, "codename": "view_paypalipn"}}, {"model": "auth.permission", "pk": 21, "fields": {"name": "Can add \u041a\u0443\u043f\u043e\u043d", "content_type": 6, "codename": "add_cupon"}}, {"model": "auth.permission", "pk": 22, "fields": {"name": "Can change \u041a\u0443\u043f\u043e\u043d", "content_type": 6, "codename": "change_cupon"}}, {"model": "auth.permission", "pk": 23, "fields": {"name": "Can delete \u041a\u0443\u043f\u043e\u043d", "content_type": 6, "codename": "delete_cupon"}}, {"model": "auth.permission", "pk": 24, "fields": {"name": "Can view \u041a\u0443\u043f\u043e\u043d", "content_type": 6, "codename": "view_cupon"}}, {"model": "auth.permission", "pk": 25, "fields": {"name": "Can add \u041f\u0440\u043e\u0444\u0438\u043b\u044c", "content_type": 7, "codename": "add_profile"}}, {"model": "auth.permission", "pk": 26, "fields": {"name": "Can change \u041f\u0440\u043e\u0444\u0438\u043b\u044c", "content_type": 7, "codename": "change_profile"}}, {"model": "auth.permission", "pk": 27, "fields": {"name": "Can delete \u041f\u0440\u043e\u0444\u0438\u043b\u044c", "content_type": 7, "codename": "delete_profile"}}, {"model": "auth.permission", "pk": 28, "fields": {"name": "Can view \u041f\u0440\u043e\u0444\u0438\u043b\u044c", "content_type": 7, "codename": "view_profile"}}, {"model": "auth.permission", "pk": 29, "fields": {"name": "Can add log entry", "content_type": 8, "codename": "add_logentry"}}, {"model": "auth.permission", "pk": 30, "fields": {"name": "Can change log entry", "content_type": 8, "codename": "change_logentry"}}, {"model": "auth.permission", "pk": 31, "fields": {"name": "Can delete log entry", "content_type": 8, "codename": "delete_logentry"}}, {"model": "auth.permission", "pk": 32, "fields": {"name": "Can view log entry", "content_type": 8, "codename": "view_logentry"}}, {"model": "auth.permission", "pk": 33, "fields": {"name": "Can add permission", "content_type": 9, "codename": "add_permission"}}, {"model": "auth.permission", "pk": 34, "fields": {"name": "Can change permission", "content_type": 9, "codename": "change_permission"}}, {"model": "auth.permission", "pk": 35, "fields": {"name": "Can delete permission", "content_type": 9, "codename": "delete_permission"}}, {"model": "auth.permission", "pk": 36, "fields": {"name": "Can view permission", "content_type": 9, "codename": "view_permission"}}, {"model": "auth.permission", "pk": 37, "fields": {"name": "Can add group", "content_type": 10, "codename": "add_group"}}, {"model": "auth.permission", "pk": 38, "fields": {"name": "Can change group", "content_type": 10, "codename": "change_group"}}, {"model": "auth.permission", "pk": 39, "fields": {"name": "Can delete group", "content_type": 10, "codename": "delete_group"}}, {"model": "auth.permission", "pk": 40, "fields": {"name": "Can view group", "content_type": 10, "codename": "view_group"}}, {"model": "auth.permission", "pk": 41, "fields": {"name": "Can add user", "content_type": 11, "codename": "add_user"}}, {"model": "auth.permission", "pk": 42, "fields": {"name": "Can change user", "content_type": 11, "codename": "change_user"}}, {"model": "auth.permission", "pk": 43, "fields": {"name": "Can delete user", "content_type": 11, "codename": "delete_user"}}, {"model": "auth.permission", "pk": 44, "fields": {"name": "Can view user", "content_type": 11, "codename": "view_user"}}, {"model": "auth.permission", "pk": 45, "fields": {"name": "Can add content type", "content_type": 12, "codename": "add_contenttype"}}, {"model": "auth.permission", "pk": 46, "fields": {"name": "Can change content type", "content_type": 12, "codename": "change_contenttype"}}, {"model": "auth.permission", "pk": 47, "fields": {"name": "Can delete content type", "content_type": 12, "codename": "delete_contenttype"}}, {"model": "auth.permission", "pk": 48, "fields": {"name": "Can view content type", "content_type": 12, "codename": "view_contenttype"}}, {"model": "auth.permission", "pk": 49, "fields": {"name": "Can add session", "content_type": 13, "codename": "add_session"}}, {"model": "auth.permission", "pk": 50, "fields": {"name": "Can change session", "content_type": 13, "codename": "change_session"}}, {"model": "auth.permission", "pk": 51, "fields": {"name": "Can delete session", "content_type": 13, "codename": "delete_session"}}, {"model": "auth.permission", "pk": 52, "fields": {"name": "Can view session", "content_type": 13, "codename": "view_session"}}, {"model": "auth.permission", "pk": 53, "fields": {"name": "Can add \u041d\u043e\u0432\u043e\u0441\u0442\u044c", "content_type": 14, "codename": "add_news"}}, {"model": "auth.permission", "pk": 54, "fields": {"name": "Can change \u041d\u043e\u0432\u043e\u0441\u0442\u044c", "content_type": 14, "codename": "change_news"}}, {"model": "auth.permission", "pk": 55, "fields": {"name": "Can delete \u041d\u043e\u0432\u043e\u0441\u0442\u044c", "content_type": 14, "codename": "delete_news"}}, {"model": "auth.permission", "pk": 56, "fields": {"name": "Can view \u041d\u043e\u0432\u043e\u0441\u0442\u044c", "content_type": 14, "codename": "view_news"}}, {"model": "auth.user", "pk": 1, "fields": {"password": "pbkdf2_sha256$150000$xehR0ELWsjZi$g/Pgut8ChQXfLKXZFpOiAqxoaMMXGh9mA94+CNE+8Xk=", "last_login": "2023-02-08T00:03:08.701", "is_superuser": true, "username": "valliv", "first_name": "", "last_name": "", "email": "valliv2007@ya.ru", "is_staff": true, "is_active": true, "date_joined": "2023-01-20T21:12:00.862", "groups": [], "user_permissions": []}}, {"model": "auth.user", "pk": 2, "fields": {"password": "pbkdf2_sha256$150000$LAqwjA8MvCrK$c/HZa9O0LukBPYBZMZGLg91ahyjSMvS+gb94sgk0flc=", "last_login": "2023-01-20T21:20:39.556", "is_superuser": false, "username": "pupkin", "first_name": "\u0432\u0430\u0441\u044f", "last_name": "\u043f\u0443\u043f\u043a\u0438\u043d", "email": "tupkin@ya.ru", "is_staff": false, "is_active": true, "date_joined": "2023-01-20T21:20:32.627", "groups": [], "user_permissions": []}}, {"model": "admin.logentry", "pk": 1, "fields": {"action_time": "2023-01-20T21:12:33.738", "user": 1, "content_type": 1, "object_id": "1", "object_repr": "books", "action_flag": 1, "change_message": "[{\"added\": {}}]"}}, {"model": "admin.logentry", "pk": 2, "fields": {"action_time": "2023-01-20T21:12:40.450", "user": 1, "content_type": 1, "object_id": "2", "object_repr": "cd", "action_flag": 1, "change_message": "[{\"added\": {}}]"}}, {"model": "admin.logentry", "pk": 3, "fields": {"action_time": "2023-01-20T21:12:55.629", "user": 1, "content_type": 1, "object_id": "3", "object_repr": "pen", "action_flag": 1, "change_message": "[{\"added\": {}}]"}}, {"model": "admin.logentry", "pk": 4, "fields": {"action_time": "2023-01-20T21:13:20.913", "user": 1, "content_type": 2, "object_id": "1", "object_repr": "\u0412\u043b\u0430\u0441\u0442\u0435\u043b\u0438\u043d \u043a\u043e\u043b\u0435\u0446", "action_flag": 1, "change_message": "[{\"added\": {}}]"}}, {"model": "admin.logentry", "pk": 5, "fields": {"action_time": "2023-01-20T21:13:45.279", "user": 1, "content_type": 2, "object_id": "2", "object_repr": "Metallica", "action_flag": 1, "change_message": "[{\"added\": {}}]"}}, {"model": "admin.logentry", "pk": 6, "fields": {"action_time": "2023-01-20T21:14:11.401", "user": 1, "content_type": 2, "object_id": "3", "object_repr": "blue", "action_flag": 1, "change_message": "[{\"added\": {}}]"}}, {"model": "admin.logentry", "pk": 7, "fields": {"action_time": "2023-01-20T21:15:31.373", "user": 1, "content_type": 2, "object_id": "2", "object_repr": "Metallica", "action_flag": 2, "change_message": "[{\"changed\": {\"fields\": [\"image\"]}}]"}}, {"model": "admin.logentry", "pk": 8, "fields": {"action_time": "2023-01-20T21:25:18.709", "user": 1, "content_type": 3, "object_id": "1", "object_repr": "\u0417\u0430\u043a\u0430\u0437: 1", "action_flag": 1, "change_message": "[{\"added\": {}}, {\"added\": {\"name\": \"order item\", \"object\": \"1\"}}]"}}, {"model": "admin.logentry", "pk": 9, "fields": {"action_time": "2023-01-20T21:28:05.839", "user": 1, "content_type": 3, "object_id": "3", "object_repr": "\u0417\u0430\u043a\u0430\u0437: 3", "action_flag": 2, "change_message": "[{\"changed\": {\"fields\": [\"paid\"]}}]"}}, {"model": "admin.logentry", "pk": 10, "fields": {"action_time": "2023-01-20T21:28:21.318", "user": 1, "content_type": 3, "object_id": "3", "object_repr": "\u0417\u0430\u043a\u0430\u0437: 3", "action_flag": 2, "change_message": "[{\"changed\": {\"fields\": [\"order_processed\", \"card_paid\"]}}]"}}, {"model": "admin.logentry", "pk": 11, "fields": {"action_time": "2023-01-20T21:29:16.870", "user": 1, "content_type": 3, "object_id": "2", "object_repr": "\u0417\u0430\u043a\u0430\u0437: 2", "action_flag": 2, "change_message": "[{\"changed\": {\"fields\": [\"discount\"]}}]"}}, {"model": "admin.logentry", "pk": 12, "fields": {"action_time": "2023-01-20T21:31:19.423", "user": 1, "content_type": 6, "object_id": "1", "object_repr": "ZXD", "action_flag": 1, "change_message": "[{\"added\": {}}]"}}, {"model": "admin.logentry", "pk": 13, "fields": {"action_time": "2023-01-20T21:31:28.015", "user": 1, "content_type": 6, "object_id": "1", "object_repr": "ZXD", "action_flag": 2, "change_message": "[{\"changed\": {\"fields\": [\"active\"]}}]"}}, {"model": "admin.logentry", "pk": 14, "fields": {"action_time": "2023-01-20T21:32:36.652", "user": 1, "content_type": 2, "object_id": "3", "object_repr": "blue", "action_flag": 2, "change_message": "[{\"changed\": {\"fields\": [\"image\"]}}]"}}, {"model": "admin.logentry", "pk": 15, "fields": {"action_time": "2023-01-20T21:34:22.444", "user": 1, "content_type": 2, "object_id": "3", "object_repr": "blue", "action_flag": 2, "change_message": "[{\"changed\": {\"fields\": [\"available\"]}}]"}}, {"model": "admin.logentry", "pk": 16, "fields": {"action_time": "2023-01-23T22:19:09.349", "user": 1, "content_type": 2, "object_id": "3", "object_repr": "blue", "action_flag": 2, "change_message": "[{\"changed\": {\"fields\": [\"available\"]}}]"}}, {"model": "admin.logentry", "pk": 17, "fields": {"action_time": "2023-01-26T15:29:15.898", "user": 1, "content_type": 2, "object_id": "2", "object_repr": "1C 8.0", "action_flag": 2, "change_message": "[{\"changed\": {\"fields\": [\"name\", \"slug\", \"price\"]}}]"}}, {"model": "admin.logentry", "pk": 18, "fields": {"action_time": "2023-01-26T15:29:30.838", "user": 1, "content_type": 2, "object_id": "2", "object_repr": "1C 8.0", "action_flag": 2, "change_message": "[]"}}, {"model": "admin.logentry", "pk": 19, "fields": {"action_time": "2023-01-26T15:29:53.919", "user": 1, "content_type": 2, "object_id": "2", "object_repr": "1C 8.0", "action_flag": 2, "change_message": "[{\"changed\": {\"fields\": [\"image\"]}}]"}}, {"model": "admin.logentry", "pk": 20, "fields": {"action_time": "2023-02-06T14:41:47.320", "user": 1, "content_type": 2, "object_id": "2", "object_repr": "1C 8.0", "action_flag": 2, "change_message": "[{\"changed\": {\"fields\": [\"description\"]}}]"}}, {"model": "admin.logentry", "pk": 21, "fields": {"action_time": "2023-02-06T16:27:36.473", "user": 1, "content_type": 2, "object_id": "2", "object_repr": "test", "action_flag": 2, "change_message": "[{\"changed\": {\"fields\": [\"category\", \"name\", \"slug\", \"description\", \"features\"]}}]"}}, {"model": "admin.logentry", "pk": 22, "fields": {"action_time": "2023-02-06T17:12:29.216", "user": 1, "content_type": 2, "object_id": "2", "object_repr": "test", "action_flag": 2, "change_message": "[{\"changed\": {\"fields\": [\"description\"]}}]"}}, {"model": "admin.logentry", "pk": 23, "fields": {"action_time": "2023-02-06T17:50:16.802", "user": 1, "content_type": 2, "object_id": "3", "object_repr": "blue", "action_flag": 2, "change_message": "[{\"changed\": {\"fields\": [\"image\"]}}]"}}, {"model": "admin.logentry", "pk": 24, "fields": {"action_time": "2023-02-06T18:35:12.071", "user": 1, "content_type": 1, "object_id": "4", "object_repr": "\u041e\u0431\u043e\u0440\u0443\u0434\u043e\u0432\u0430\u043d\u0438\u0435", "action_flag": 1, "change_message": "[{\"added\": {}}]"}}, {"model": "admin.logentry", "pk": 25, "fields": {"action_time": "2023-02-06T18:35:19.550", "user": 1, "content_type": 1, "object_id": "5", "object_repr": "\u0423\u0441\u043b\u0443\u0433\u0438", "action_flag": 1, "change_message": "[{\"added\": {}}]"}}, {"model": "admin.logentry", "pk": 26, "fields": {"action_time": "2023-02-06T18:36:18.589", "user": 1, "content_type": 2, "object_id": "2", "object_repr": "test", "action_flag": 2, "change_message": "[{\"changed\": {\"fields\": [\"category\"]}}]"}}, {"model": "admin.logentry", "pk": 27, "fields": {"action_time": "2023-02-06T18:37:14.711", "user": 1, "content_type": 2, "object_id": "1", "object_repr": "\u0412\u043b\u0430\u0441\u0442\u0435\u043b\u0438\u043d \u043a\u043e\u043b\u0435\u0446", "action_flag": 2, "change_message": "[{\"changed\": {\"fields\": [\"category\", \"description\", \"features\", \"image\"]}}]"}}, {"model": "admin.logentry", "pk": 28, "fields": {"action_time": "2023-02-06T20:01:33.897", "user": 1, "content_type": 2, "object_id": "4", "object_repr": "\u041a\u0430\u0441\u0441\u0430", "action_flag": 1, "change_message": "[{\"added\": {}}]"}}, {"model": "admin.logentry", "pk": 29, "fields": {"action_time": "2023-02-06T20:06:25.564", "user": 1, "content_type": 2, "object_id": "5", "object_repr": "\u041a\u0430\u0441\u0441\u0430 123", "action_flag": 1, "change_message": "[{\"added\": {}}]"}}, {"model": "admin.logentry", "pk": 30, "fields": {"action_time": "2023-02-06T20:07:08.962", "user": 1, "content_type": 2, "object_id": "6", "object_repr": "\u043a\u0430\u0441\u0441\u0430 234", "action_flag": 1, "change_message": "[{\"added\": {}}]"}}, {"model": "admin.logentry", "pk": 31, "fields": {"action_time": "2023-02-06T20:34:20.059", "user": 1, "content_type": 2, "object_id": "7", "object_repr": "c1", "action_flag": 1, "change_message": "[{\"added\": {}}]"}}, {"model": "admin.logentry", "pk": 32, "fields": {"action_time": "2023-02-07T18:23:09.506", "user": 1, "content_type": 2, "object_id": "6", "object_repr": "\u043a\u0430\u0441\u0441\u0430 234", "action_flag": 2, "change_message": "[{\"changed\": {\"fields\": [\"image\"]}}]"}}, {"model": "admin.logentry", "pk": 33, "fields": {"action_time": "2023-02-07T18:23:59.701", "user": 1, "content_type": 2, "object_id": "5", "object_repr": "\u041a\u0430\u0441\u0441\u0430 123", "action_flag": 2, "change_message": "[{\"changed\": {\"fields\": [\"image\"]}}]"}}, {"model": "admin.logentry", "pk": 34, "fields": {"action_time": "2023-02-07T18:24:45.831", "user": 1, "content_type": 2, "object_id": "4", "object_repr": "\u041a\u0430\u0441\u0441\u0430", "action_flag": 2, "change_message": "[{\"changed\": {\"fields\": [\"image\"]}}]"}}, {"model": "admin.logentry", "pk": 35, "fields": {"action_time": "2023-02-07T18:55:05.630", "user": 1, "content_type": 2, "object_id": "7", "object_repr": "c1", "action_flag": 3, "change_message": ""}}, {"model": "admin.logentry", "pk": 36, "fields": {"action_time": "2023-02-07T21:01:15.914", "user": 1, "content_type": 2, "object_id": "1", "object_repr": "\u0412\u043b\u0430\u0441\u0442\u0435\u043b\u0438\u043d \u043a\u043e\u043b\u0435\u0446", "action_flag": 2, "change_message": "[{\"changed\": {\"fields\": [\"description\", \"features\"]}}]"}}, {"model": "admin.logentry", "pk": 37, "fields": {"action_time": "2023-02-07T21:13:30.065", "user": 1, "content_type": 2, "object_id": "8", "object_repr": "test-product", "action_flag": 1, "change_message": "[{\"added\": {}}]"}}, {"model": "admin.logentry", "pk": 38, "fields": {"action_time": "2023-02-07T22:18:08.088", "user": 1, "content_type": 14, "object_id": "1", "object_repr": "\u041e \u043f\u0440\u0435\u043a\u0440\u0430\u0449\u0435\u043d\u0438\u0438 \u043f\u0440\u0438\u043c\u0435\u043d\u0435\u043d\u0438\u044f \u0441 01.01.2023 \u0423\u0421\u041d \u043f\u0440\u0438 \u043f\u0440\u043e\u0438\u0437\u0432\u043e\u0434\u0441\u0442\u0432\u0435 \u044e\u0432\u0435\u043b\u0438\u0440\u043d\u044b\u0445 \u0438 \u0434\u0440\u0443\u0433\u0438\u0445 \u0438\u0437\u0434\u0435\u043b\u0438\u0439 \u0438\u0437 \u0434\u0440\u0430\u0433\u043e\u0446\u0435\u043d\u043d\u044b\u0445", "action_flag": 1, "change_message": "[{\"added\": {}}]"}}, {"model": "admin.logentry", "pk": 39, "fields": {"action_time": "2023-02-07T22:25:01.820", "user": 1, "content_type": 14, "object_id": "2", "object_repr": "\u041e\u043f\u0435\u0440\u0430\u0446\u0438\u0438 \u0441 \u043f\u0440\u043e\u0441\u043b\u0435\u0436\u0438\u0432\u0430\u0435\u043c\u044b\u043c\u0438 \u0442\u043e\u0432\u0430\u0440\u0430\u043c\u0438 \u0442\u0435\u043f\u0435\u0440\u044c \u043e\u0442\u0440\u0430\u0436\u0430\u044e\u0442\u0441\u044f \u0432 \u0440\u0435\u0436\u0438\u043c\u0435 \u0440\u0435\u0430\u043b\u044c\u043d\u043e\u0433\u043e \u0432\u0440\u0435\u043c\u0435\u043d\u0438", "action_flag": 1, "change_message": "[{\"added\": {}}]"}}, {"model": "admin.logentry", "pk": 40, "fields": {"action_time": "2023-02-07T22:27:11.392", "user": 1, "content_type": 14, "object_id": "3", "object_repr": "\u041e\u0441\u043e\u0431\u0435\u043d\u043d\u043e\u0441\u0442\u0438 \u043f\u0440\u0438\u043c\u0435\u043d\u0435\u043d\u0438\u044f \u0430\u0432\u0442\u043e\u0423\u0421\u041d \u0440\u0430\u0437\u044a\u044f\u0441\u043d\u0438\u0442 \u043d\u0430 \u0432\u0435\u0431\u0438\u043d\u0430\u0440\u0435 \u0441\u043f\u0435\u0446\u0438\u0430\u043b\u0438\u0441\u0442 \u0424\u041d\u0421 \u0420\u043e\u0441\u0441\u0438\u0438", "action_flag": 1, "change_message": "[{\"added\": {}}]"}}, {"model": "admin.logentry", "pk": 41, "fields": {"action_time": "2023-02-08T00:05:29.793", "user": 1, "content_type": 2, "object_id": "2", "object_repr": "\u041c\u0430\u0440\u043a\u0438\u0440\u043e\u0432\u043a\u0430 \u0442\u043e\u0432\u0430\u0440\u043e\u0432 \"\u043f\u043e\u0434 \u043a\u043b\u044e\u0447\"", "action_flag": 2, "change_message": "[{\"changed\": {\"fields\": [\"name\", \"description\", \"features\", \"stock\", \"image\"]}}]"}}, {"model": "admin.logentry", "pk": 42, "fields": {"action_time": "2023-02-08T00:07:08.054", "user": 1, "content_type": 2, "object_id": "3", "object_repr": "blue", "action_flag": 3, "change_message": ""}}, {"model": "admin.logentry", "pk": 43, "fields": {"action_time": "2023-02-08T00:07:08.074", "user": 1, "content_type": 2, "object_id": "8", "object_repr": "test-product", "action_flag": 3, "change_message": ""}}, {"model": "admin.logentry", "pk": 44, "fields": {"action_time": "2023-02-08T00:07:08.082", "user": 1, "content_type": 2, "object_id": "1", "object_repr": "\u0412\u043b\u0430\u0441\u0442\u0435\u043b\u0438\u043d \u043a\u043e\u043b\u0435\u0446", "action_flag": 3, "change_message": ""}}, {"model": "admin.logentry", "pk": 45, "fields": {"action_time": "2023-02-08T00:09:44.395", "user": 1, "content_type": 2, "object_id": "9", "object_repr": "\u042d\u043b\u0435\u043a\u0442\u0440\u043e\u043d\u043d\u0430\u044f \u043f\u043e\u0434\u043f\u0438\u0441\u044c", "action_flag": 1, "change_message": "[{\"added\": {}}]"}}, {"model": "admin.logentry", "pk": 46, "fields": {"action_time": "2023-02-08T00:14:46.973", "user": 1, "content_type": 2, "object_id": "6", "object_repr": "\u041f\u0440\u0438\u043d\u0442\u0435\u0440 \u044d\u0442\u0438\u043a\u0435\u0442\u043e\u043a Honeywell PC42T", "action_flag": 2, "change_message": "[{\"changed\": {\"fields\": [\"name\", \"slug\", \"description\", \"features\", \"price\", \"stock\", \"image\"]}}]"}}, {"model": "admin.logentry", "pk": 47, "fields": {"action_time": "2023-02-08T00:17:41.384", "user": 1, "content_type": 2, "object_id": "5", "object_repr": "\u041e\u043d\u043b\u0430\u0439\u043d-\u043a\u0430\u0441\u0441\u0430 \u041a\u0430\u0441\u0441\u0430\u0442\u043a\u0430 mini", "action_flag": 2, "change_message": "[{\"changed\": {\"fields\": [\"name\", \"description\", \"features\", \"price\", \"stock\"]}}]"}}, {"model": "admin.logentry", "pk": 48, "fields": {"action_time": "2023-02-08T00:22:58.466", "user": 1, "content_type": 3, "object_id": "35", "object_repr": "\u0417\u0430\u043a\u0430\u0437: 35", "action_flag": 3, "change_message": ""}}, {"model": "admin.logentry", "pk": 49, "fields": {"action_time": "2023-02-08T00:22:58.480", "user": 1, "content_type": 3, "object_id": "34", "object_repr": "\u0417\u0430\u043a\u0430\u0437: 34", "action_flag": 3, "change_message": ""}}, {"model": "admin.logentry", "pk": 50, "fields": {"action_time": "2023-02-08T00:22:58.484", "user": 1, "content_type": 3, "object_id": "33", "object_repr": "\u0417\u0430\u043a\u0430\u0437: 33", "action_flag": 3, "change_message": ""}}, {"model": "admin.logentry", "pk": 51, "fields": {"action_time": "2023-02-08T00:22:58.488", "user": 1, "content_type": 3, "object_id": "32", "object_repr": "\u0417\u0430\u043a\u0430\u0437: 32", "action_flag": 3, "change_message": ""}}, {"model": "admin.logentry", "pk": 52, "fields": {"action_time": "2023-02-08T00:22:58.491", "user": 1, "content_type": 3, "object_id": "31", "object_repr": "\u0417\u0430\u043a\u0430\u0437: 31", "action_flag": 3, "change_message": ""}}, {"model": "admin.logentry", "pk": 53, "fields": {"action_time": "2023-02-08T00:22:58.494", "user": 1, "content_type": 3, "object_id": "30", "object_repr": "\u0417\u0430\u043a\u0430\u0437: 30", "action_flag": 3, "change_message": ""}}, {"model": "admin.logentry", "pk": 54, "fields": {"action_time": "2023-02-08T00:22:58.496", "user": 1, "content_type": 3, "object_id": "29", "object_repr": "\u0417\u0430\u043a\u0430\u0437: 29", "action_flag": 3, "change_message": ""}}, {"model": "admin.logentry", "pk": 55, "fields": {"action_time": "2023-02-08T00:22:58.499", "user": 1, "content_type": 3, "object_id": "28", "object_repr": "\u0417\u0430\u043a\u0430\u0437: 28", "action_flag": 3, "change_message": ""}}, {"model": "admin.logentry", "pk": 56, "fields": {"action_time": "2023-02-08T00:22:58.503", "user": 1, "content_type": 3, "object_id": "27", "object_repr": "\u0417\u0430\u043a\u0430\u0437: 27", "action_flag": 3, "change_message": ""}}, {"model": "admin.logentry", "pk": 57, "fields": {"action_time": "2023-02-08T00:22:58.506", "user": 1, "content_type": 3, "object_id": "26", "object_repr": "\u0417\u0430\u043a\u0430\u0437: 26", "action_flag": 3, "change_message": ""}}, {"model": "admin.logentry", "pk": 58, "fields": {"action_time": "2023-02-08T00:22:58.509", "user": 1, "content_type": 3, "object_id": "25", "object_repr": "\u0417\u0430\u043a\u0430\u0437: 25", "action_flag": 3, "change_message": ""}}, {"model": "admin.logentry", "pk": 59, "fields": {"action_time": "2023-02-08T00:22:58.511", "user": 1, "content_type": 3, "object_id": "24", "object_repr": "\u0417\u0430\u043a\u0430\u0437: 24", "action_flag": 3, "change_message": ""}}, {"model": "admin.logentry", "pk": 60, "fields": {"action_time": "2023-02-08T00:22:58.514", "user": 1, "content_type": 3, "object_id": "23", "object_repr": "\u0417\u0430\u043a\u0430\u0437: 23", "action_flag": 3, "change_message": ""}}, {"model": "admin.logentry", "pk": 61, "fields": {"action_time": "2023-02-08T00:22:58.518", "user": 1, "content_type": 3, "object_id": "22", "object_repr": "\u0417\u0430\u043a\u0430\u0437: 22", "action_flag": 3, "change_message": ""}}, {"model": "admin.logentry", "pk": 62, "fields": {"action_time": "2023-02-08T00:22:58.521", "user": 1, "content_type": 3, "object_id": "21", "object_repr": "\u0417\u0430\u043a\u0430\u0437: 21", "action_flag": 3, "change_message": ""}}, {"model": "users.profile", "pk": 1, "fields": {"user": 1, "phone": ""}}, {"model": "users.profile", "pk": 2, "fields": {"user": 2, "phone": ""}}]