[{"model": "lenivastore.category", "pk": 4, "fields": {"name": "\u041e\u0431\u043e\u0440\u0443\u0434\u043e\u0432\u0430\u043d\u0438\u0435", "slug": "equipment", "created_at": "2023-02-06T18:35:12.066", "updated_at": "2023-03-29T11:16:31.226"}}, {"model": "lenivastore.category", "pk": 5, "fields": {"name": "\u0423\u0441\u043b\u0443\u0433\u0438", "slug": "services", "created_at": "2023-02-06T18:35:19.548", "updated_at": "2023-03-29T11:17:32.090"}}, {"model": "lenivastore.category", "pk": 6, "fields": {"name": "\u041a\u043e\u043c\u043f\u043b\u0435\u043a\u0442\u044b", "slug": "complects", "created_at": "2023-03-29T11:21:46.878", "updated_at": "2023-03-29T11:21:46.878"}}, {"model": "lenivastore.subcategory", "pk": 1, "fields": {"name": "\u0421\u043c\u0430\u0440\u0442-\u0442\u0435\u0440\u043c\u0438\u043d\u0430\u043b", "slug": "smart-terminal", "category": 4}}, {"model": "lenivastore.subcategory", "pk": 2, "fields": {"name": "\u041a\u043e\u043c\u043f\u043b\u0435\u043a\u0442\u044b 1C", "slug": "1c_complects", "category": 4}}, {"model": "lenivastore.subcategory", "pk": 3, "fields": {"name": "\u0424\u0438\u0441\u043a\u0430\u043b\u044c\u043d\u044b\u0439 \u0440\u0435\u0433\u0438\u0441\u0442\u0440\u0430\u0442\u043e\u0440", "slug": "fiscal-registrar", "category": 4}}, {"model": "lenivastore.subcategory", "pk": 4, "fields": {"name": "\u0421\u043a\u0430\u043d\u0435\u0440\u044b-\u0448\u0442\u0440\u0438\u0445\u043a\u043e\u0434\u043e\u0432", "slug": "qrcode-scanners", "category": 4}}, {"model": "lenivastore.subcategory", "pk": 5, "fields": {"name": "\u041f\u0440\u0438\u043d\u0442\u0435\u0440 \u044d\u0442\u0438\u043a\u0435\u0442\u043e\u043a", "slug": "label-printer", "category": 4}}, {"model": "lenivastore.subcategory", "pk": 6, "fields": {"name": "1C", "slug": "1c", "category": 5}}, {"model": "lenivastore.subcategory", "pk": 7, "fields": {"name": "\u0415\u0413\u0410\u0418\u0421", "slug": "egais", "category": 5}}, {"model": "lenivastore.subcategory", "pk": 8, "fields": {"name": "\u042d\u0426\u041f", "slug": "ecp", "category": 5}}, {"model": "lenivastore.subcategory", "pk": 9, "fields": {"name": "\u041a\u0430\u0441\u0441\u0430", "slug": "cash-desk", "category": 5}}, {"model": "lenivastore.subcategory", "pk": 10, "fields": {"name": "\u041e\u0424\u0414", "slug": "ofd", "category": 5}}, {"model": "lenivastore.subcategory", "pk": 11, "fields": {"name": "\u0424\u0413\u0418\u0421 \u041c\u0435\u0440\u043a\u0443\u0440\u0438\u0439", "slug": "fgis", "category": 5}}, {"model": "lenivastore.subcategory", "pk": 12, "fields": {"name": "\u0427\u0435\u0441\u0442\u043d\u044b\u0439 \u0437\u043d\u0430\u043a", "slug": "cz", "category": 5}}, {"model": "lenivastore.subcategory", "pk": 13, "fields": {"name": "\u0418\u041f", "slug": "ip", "category": 5}}, {"model": "lenivastore.subcategory", "pk": 14, "fields": {"name": "\u041a\u043e\u043c\u043f\u043b\u0435\u043a\u0442\u044b", "slug": "komplekty", "category": 6}}, {"model": "lenivastore.product", "pk": 10, "fields": {"category": 4, "subcategory": 2, "name": "1\u0421:\u0420\u043e\u0437\u043d\u0438\u0446\u0430 (\u0431\u0430\u0437\u043e\u0432\u0430\u044f)", "slug": "1sroznica-bazovaya", "description": "1\u0421:\u0420\u043e\u0437\u043d\u0438\u0446\u0430 8. \u0411\u0430\u0437\u043e\u0432\u0430\u044f \u0432\u0435\u0440\u0441\u0438\u044f \u043f\u0440\u0435\u0434\u043d\u0430\u0437\u043d\u0430\u0447\u0435\u043d\u0430 \u0434\u043b\u044f \u0430\u0432\u0442\u043e\u043c\u0430\u0442\u0438\u0437\u0430\u0446\u0438\u0438 \u043e\u043f\u0435\u0440\u0430\u0442\u0438\u0432\u043d\u043e\u0433\u043e \u0443\u0447\u0435\u0442\u0430 \u0442\u043e\u0432\u0430\u0440\u043e\u0432 \u0438 \u0434\u0435\u043d\u0435\u0436\u043d\u044b\u0445 \u0441\u0440\u0435\u0434\u0441\u0442\u0432 \u0432 \u0440\u043e\u0437\u043d\u0438\u0447\u043d\u044b\u0445 \u0442\u043e\u0440\u0433\u043e\u0432\u044b\u0445 \u0442\u043e\u0447\u043a\u0430\u0445 (\u043c\u0430\u0433\u0430\u0437\u0438\u043d\u0430\u0445), \u0432 \u043a\u043e\u0442\u043e\u0440\u044b\u0445 \u0441 \u043f\u0440\u043e\u0433\u0440\u0430\u043c\u043c\u043e\u0439 \u0440\u0430\u0431\u043e\u0442\u0430\u0435\u0442 \u043e\u0434\u0438\u043d \u043f\u043e\u043b\u044c\u0437\u043e\u0432\u0430\u0442\u0435\u043b\u044c \u0438 \u043d\u0435 \u0442\u0440\u0435\u0431\u0443\u0435\u0442\u0441\u044f \u0430\u0434\u0430\u043f\u0442\u0430\u0446\u0438\u044f \u043f\u0440\u0438\u043a\u043b\u0430\u0434\u043d\u043e\u0433\u043e \u0440\u0435\u0448\u0435\u043d\u0438\u044f \u043a \u043e\u0441\u043e\u0431\u0435\u043d\u043d\u043e\u0441\u0442\u044f\u043c \u043f\u0440\u0435\u0434\u043f\u0440\u0438\u044f\u0442\u0438\u044f.", "features": "", "price": 3600, "available": true, "stock": 100, "created_at": "2023-03-29T12:02:18.339", "updated_at": "2023-03-29T12:02:18.339", "image": "images/1sroznica-bazovaya.jpg", "rating": "4.5", "stars": 5, "is_popular": false}}, {"model": "lenivastore.product", "pk": 11, "fields": {"category": 4, "subcategory": 2, "name": "1\u0421:\u0420\u043e\u0437\u043d\u0438\u0446\u0430 \u041f\u0420\u041e\u0424", "slug": "1sroznica-prof", "description": "", "features": "", "price": 13000, "available": true, "stock": 100, "created_at": "2023-03-29T12:06:13.050", "updated_at": "2023-03-29T12:06:13.050", "image": "images/1sroznica-prof.png", "rating": "4.5", "stars": 5, "is_popular": false}}, {"model": "lenivastore.product", "pk": 12, "fields": {"category": 4, "subcategory": 2, "name": "1\u0421:\u0423\u043f\u0440\u0430\u0432\u043b\u0435\u043d\u0438\u0435 \u0442\u043e\u0440\u0433\u043e\u0432\u043b\u0435\u0439 (\u0431\u0430\u0437\u043e\u0432\u0430\u044f)", "slug": "1supravlenie-torgovlej-bazovaya", "description": "\u00ab1\u0421:\u0423\u043f\u0440\u0430\u0432\u043b\u0435\u043d\u0438\u0435 \u0442\u043e\u0440\u0433\u043e\u0432\u043b\u0435\u0439 8. \u0411\u0430\u0437\u043e\u0432\u0430\u044f \u0432\u0435\u0440\u0441\u0438\u044f\u00bb \u043f\u043e\u0437\u0432\u043e\u043b\u044f\u0435\u0442 \u0430\u0432\u0442\u043e\u043c\u0430\u0442\u0438\u0437\u0438\u0440\u043e\u0432\u0430\u0442\u044c \u0432\u0435\u0441\u044c \u0442\u043e\u0440\u0433\u043e\u0432\u044b\u0439 \u043f\u0440\u043e\u0446\u0435\u0441\u0441, \u043d\u0430\u0447\u0438\u043d\u0430\u044f \u0441 \u043c\u043e\u043c\u0435\u043d\u0442\u0430 \u043f\u043b\u0430\u043d\u0438\u0440\u043e\u0432\u0430\u043d\u0438\u044f \u0437\u0430\u043a\u0443\u043f\u043e\u043a \u0442\u043e\u0432\u0430\u0440\u043e\u0432 \u043d\u0430 \u043e\u0441\u043d\u043e\u0432\u0435 \u0430\u043d\u0430\u043b\u0438\u0437\u0430 \u0440\u0430\u0437\u043b\u0438\u0447\u043d\u044b\u0445 \u043f\u043e\u0442\u0440\u0435\u0431\u043d\u043e\u0441\u0442\u0435\u0439 \u0432 \u0442\u043e\u0432\u0430\u0440\u0435 \u0434\u043e \u043c\u043e\u043c\u0435\u043d\u0442\u0430 \u043e\u0442\u0433\u0440\u0443\u0437\u043a\u0438 \u0442\u043e\u0432\u0430\u0440\u043e\u0432 \u043a\u043b\u0438\u0435\u043d\u0442\u0430\u043c. \u041f\u043e\u0434\u0434\u0435\u0440\u0436\u0438\u0432\u0430\u0435\u0442\u0441\u044f \u043f\u043e\u043b\u043d\u044b\u0439 \u0446\u0438\u043a\u043b \u043e\u043f\u0435\u0440\u0430\u0446\u0438\u0439 \u043a\u0430\u043a \u043e\u043f\u0442\u043e\u0432\u043e\u0439, \u0442\u0430\u043a \u0438 \u0440\u043e\u0437\u043d\u0438\u0447\u043d\u043e\u0439 \u0442\u043e\u0440\u0433\u043e\u0432\u043b\u0438.", "features": "", "price": 9400, "available": true, "stock": 50, "created_at": "2023-03-29T12:09:58.831", "updated_at": "2023-03-29T12:09:58.831", "image": "images/1supravlenie-torgovlej-bazovaya.jpg", "rating": "4.5", "stars": 5, "is_popular": false}}, {"model": "lenivastore.product", "pk": 13, "fields": {"category": 4, "subcategory": 2, "name": "1\u0421:\u041f\u0440\u0435\u0434\u043f\u0440\u0438\u044f\u0442\u0438\u0435 - 1 \u0440\u0430\u0431\u043e\u0447\u0435\u0435 \u043c\u0435\u0441\u0442\u043e", "slug": "1spredpriyatie-1-rabochee-mesto", "description": "\u00ab1\u0421:\u041f\u0440\u0435\u0434\u043f\u0440\u0438\u044f\u0442\u0438\u0435\u00bb \u043f\u0440\u0435\u0434\u043d\u0430\u0437\u043d\u0430\u0447\u0435\u043d\u043e \u0434\u043b\u044f \u0430\u0432\u0442\u043e\u043c\u0430\u0442\u0438\u0437\u0430\u0446\u0438\u0438 \u043b\u044e\u0431\u043e\u0433\u043e \u0431\u0438\u0437\u043d\u0435\u0441-\u043f\u0440\u043e\u0446\u0435\u0441\u0441\u0430 \u043f\u0440\u0435\u0434\u043f\u0440\u0438\u044f\u0442\u0438\u044f. \u041d\u0430\u0438\u0431\u043e\u043b\u0435\u0435 \u0438\u0437\u0432\u0435\u0441\u0442\u043d\u044b \u043f\u0440\u043e\u0434\u0443\u043a\u0442\u044b \u043f\u043e \u0430\u0432\u0442\u043e\u043c\u0430\u0442\u0438\u0437\u0430\u0446\u0438\u0438 \u0431\u0443\u0445\u0433\u0430\u043b\u0442\u0435\u0440\u0441\u043a\u043e\u0433\u043e \u0438 \u0443\u043f\u0440\u0430\u0432\u043b\u0435\u043d\u0447\u0435\u0441\u043a\u043e\u0433\u043e \u0443\u0447\u0451\u0442\u043e\u0432 (\u0432\u043a\u043b\u044e\u0447\u0430\u044f \u043d\u0430\u0447\u0438\u0441\u043b\u0435\u043d\u0438\u0435 \u0437\u0430\u0440\u043f\u043b\u0430\u0442\u044b \u0438 \u0443\u043f\u0440\u0430\u0432\u043b\u0435\u043d\u0438\u0435 \u043a\u0430\u0434\u0440\u0430\u043c\u0438), \u044d\u043a\u043e\u043d\u043e\u043c\u0438\u0447\u0435\u0441\u043a\u043e\u0439 \u0438 \u043e\u0440\u0433\u0430\u043d\u0438\u0437\u0430\u0446\u0438\u043e\u043d\u043d\u043e\u0439 \u0434\u0435\u044f\u0442\u0435\u043b\u044c\u043d\u043e\u0441\u0442\u0438 \u043f\u0440\u0435\u0434\u043f\u0440\u0438\u044f\u0442\u0438\u044f.", "features": "", "price": 6300, "available": true, "stock": 20, "created_at": "2023-03-29T12:13:31.876", "updated_at": "2023-03-29T12:13:31.876", "image": "images/1spredpriyatie-1-rabochee-mesto.png", "rating": "4.2", "stars": 4, "is_popular": false}}, {"model": "lenivastore.product", "pk": 14, "fields": {"category": 4, "subcategory": 3, "name": "\u0424\u0438\u0441\u043a\u0430\u043b\u044c\u043d\u044b\u0439 \u0440\u0435\u0433\u0438\u0441\u0442\u0440\u0430\u0442\u043e\u0440 \u0410\u0422\u041e\u041b 30\u0424", "slug": "fiskalnyj-registrator-atol-30f", "description": "\u0410\u0442\u043e\u043b 30\u0424 \u2014 \u041a\u041a\u0422 \u043d\u043e\u0432\u043e\u0433\u043e \u043f\u043e\u043a\u043e\u043b\u0435\u043d\u0438\u044f \u0434\u043b\u044f \u043f\u0440\u0435\u0434\u043f\u0440\u0438\u043d\u0438\u043c\u0430\u0442\u0435\u043b\u0435\u0439 \u043c\u0430\u043b\u043e\u0433\u043e \u0438 \u043c\u0438\u043a\u0440\u043e\u0431\u0438\u0437\u043d\u0435\u0441\u0430, \u043d\u0435 \u0442\u0440\u0435\u0431\u0443\u044e\u0449\u0430\u044f \u0431\u043e\u043b\u044c\u0448\u0438\u0445 \u0437\u0430\u0442\u0440\u0430\u0442 \u043d\u0430 \u043f\u0440\u0438\u043e\u0431\u0440\u0435\u0442\u0435\u043d\u0438\u0435 \u0438 \u044d\u043a\u0441\u043f\u043b\u0443\u0430\u0442\u0430\u0446\u0438\u044e. \u0410\u0442\u043e\u043b 30\u0424 \u043f\u043e\u0434\u0445\u043e\u0434\u0438\u0442 \u0434\u043b\u044f \u0443\u0441\u0442\u0430\u043d\u043e\u0432\u043a\u0438 \u0432 \u043c\u0435\u0441\u0442\u0430\u0445 \u0441 \u043d\u0435\u0432\u044b\u0441\u043e\u043a\u043e\u0439 \u043f\u043e\u043a\u0443\u043f\u0430\u0442\u0435\u043b\u044c\u0441\u043a\u043e\u0439 \u0430\u043a\u0442\u0438\u0432\u043d\u043e\u0441\u0442\u044c\u044e.", "features": "", "price": 17500, "available": true, "stock": 6, "created_at": "2023-03-29T12:16:21.584", "updated_at": "2023-03-29T12:16:21.584", "image": "images/fiskalnyj-registrator-atol-30f.jpg", "rating": "3.4", "stars": 3, "is_popular": false}}, {"model": "lenivastore.product", "pk": 15, "fields": {"category": 4, "subcategory": 3, "name": "\u0424\u0438\u0441\u043a\u0430\u043b\u044c\u043d\u044b\u0439 \u0440\u0435\u0433\u0441\u0438\u0442\u0440\u0430\u0442\u043e\u0440 \u0410\u0422\u041e\u041b 55\u0424", "slug": "fiskalnyj-regsitrator-atol-55f", "description": "\u0410\u0422\u041e\u041b 55\u0424 \u2014 \u0444\u0438\u0441\u043a\u0430\u043b\u044c\u043d\u044b\u0439 \u0440\u0435\u0433\u0438\u0441\u0442\u0440\u0430\u0442\u043e\u0440, \u0440\u0430\u0431\u043e\u0442\u0430\u044e\u0449\u0438\u0439 \u0441 \u0443\u0437\u043a\u0438\u043c \u0447\u0435\u043a\u043e\u043c (58 \u043c\u043c) \u0438 \u0440\u0430\u0441\u0441\u0447\u0438\u0442\u0430\u043d\u043d\u044b\u0439 \u043d\u0430 \u0441\u0440\u0435\u0434\u043d\u0438\u0439 \u043f\u043e\u0442\u043e\u043a \u043a\u043b\u0438\u0435\u043d\u0442\u043e\u0432. \u041e\u043d\u043b\u0430\u0439\u043d-\u043a\u0430\u0441\u0441\u0430 \u0438\u0441\u043f\u043e\u043b\u044c\u0437\u0443\u0435\u0442 \u0430\u0432\u0442\u043e\u043c\u0430\u0442\u0438\u0447\u0435\u0441\u043a\u0438\u0439 \u043e\u0442\u0440\u0435\u0437\u0447\u0438\u043a \u0447\u0435\u043a\u043e\u0432\u043e\u0439 \u043b\u0435\u043d\u0442\u044b \u044f\u043f\u043e\u043d\u0441\u043a\u043e\u0433\u043e \u043f\u0440\u043e\u0438\u0437\u0432\u043e\u0434\u0441\u0442\u0432\u0430. \u041d\u0430\u0434\u0435\u0436\u043d\u044b\u0439 \u043c\u0435\u0445\u0430\u043d\u0438\u0437\u043c \u0437\u0430\u0449\u0438\u0449\u0430\u0435\u0442 \u043e\u0442 \u0437\u0430\u043a\u043b\u0438\u043d\u0438\u0432\u0430\u043d\u0438\u044f \u043d\u043e\u0436\u0430.", "features": "", "price": 24000, "available": true, "stock": 3, "created_at": "2023-03-29T12:21:17.320", "updated_at": "2023-03-29T12:21:17.320", "image": "images/fiskalnyj-regsitrator-atol-55f.jpg", "rating": "4.8", "stars": 5, "is_popular": false}}, {"model": "lenivastore.product", "pk": 16, "fields": {"category": 4, "subcategory": 1, "name": "\u0421\u043c\u0430\u0440\u0442-\u0442\u0435\u0440\u043c\u0438\u043d\u0430\u043b \u0410\u0422\u041e\u041b Sigma 7", "slug": "smart-terminal-atol-sigma-7", "description": "\u0410\u0442\u043e\u043b \u0421\u0438\u0433\u043c\u0430 7 \u2013 \u0441\u043c\u0430\u0440\u0442-\u0442\u0435\u0440\u043c\u0438\u043d\u0430\u043b, \u043a\u043e\u0442\u043e\u0440\u044b\u0439 \u043f\u043e\u043c\u043e\u0436\u0435\u0442 \u0430\u0432\u0442\u043e\u043c\u0430\u0442\u0438\u0437\u0438\u0440\u043e\u0432\u0430\u0442\u044c \u0440\u0430\u0431\u043e\u0442\u0443 \u043a\u0430\u0441\u0441\u0438\u0440\u0430. \u0423\u0441\u0442\u0440\u043e\u0439\u0441\u0442\u0432\u043e \u043f\u0440\u043e\u0441\u0442\u043e\u0435 \u0432 \u0443\u043f\u0440\u0430\u0432\u043b\u0435\u043d\u0438\u0438, \u0438\u043c\u0435\u0435\u0442 \u043e\u043f\u0435\u0440\u0430\u0446\u0438\u043e\u043d\u043d\u0443\u044e \u0441\u0438\u0441\u0442\u0435\u043c\u0443 Android \u0432\u0435\u0440\u0441\u0438\u0438 \u043e\u0442 7.1, \u0434\u043e\u043f\u0443\u0441\u043a\u0430\u0435\u0442\u0441\u044f \u0437\u0430\u0433\u0440\u0443\u0437\u043a\u0430 \u0434\u043e\u043f\u043e\u043b\u043d\u0438\u0442\u0435\u043b\u044c\u043d\u044b\u0445 \u043f\u0440\u0438\u043b\u043e\u0436\u0435\u043d\u0438\u0439. \u0418\u043d\u0442\u0435\u0440\u0444\u0435\u0439\u0441 \u043f\u0440\u0438\u0431\u043e\u0440\u0430 \u0437\u043d\u0430\u043a\u043e\u043c \u0431\u043e\u043b\u044c\u0448\u0438\u043d\u0441\u0442\u0432\u0443 \u043f\u043e\u043b\u044c\u0437\u043e\u0432\u0430\u0442\u0435\u043b\u0435\u0439. \u041e\u0431\u044a\u0435\u043c\u0430 \u043e\u043f\u0435\u0440\u0430\u0442\u0438\u0432\u043d\u043e\u0439 \u043f\u0430\u043c\u044f\u0442\u0438 (1 \u0413\u0431) \u0434\u043e\u0441\u0442\u0430\u0442\u043e\u0447\u043d\u043e, \u0447\u0442\u043e\u0431\u044b \u0437\u0430\u043f\u0443\u0441\u0442\u0438\u0442\u044c \u043b\u044e\u0431\u043e\u0435 \u043a\u0430\u0441\u0441\u043e\u0432\u043e\u0435 \u043f\u0440\u0438\u043b\u043e\u0436\u0435\u043d\u0438\u0435. \u0424\u043b\u0435\u0448-\u043f\u0430\u043c\u044f\u0442\u044c \u0443\u0441\u0442\u0440\u043e\u0439\u0441\u0442\u0432\u0430 8 \u0413\u0431, \u0447\u0442\u043e \u043f\u043e\u0437\u0432\u043e\u043b\u044f\u0435\u0442 \u0437\u0430\u0433\u0440\u0443\u0436\u0430\u0442\u044c \u0432\u0441\u0435 \u043d\u0435\u043e\u0431\u0445\u043e\u0434\u0438\u043c\u044b\u0435 \u043f\u0440\u043e\u0433\u0440\u0430\u043c\u043c\u044b \u0438 \u0431\u0430\u0437\u044b \u0434\u0430\u043d\u043d\u044b\u0445. \u0422\u0430\u043a\u0442\u043e\u0432\u0430\u044f \u0447\u0430\u0441\u0442\u043e\u0442\u0430 1,3 \u0413\u0413\u0426 \u0434\u043b\u044f \u0431\u044b\u0441\u0442\u0440\u043e\u0433\u043e, \u0441\u0442\u0430\u0431\u0438\u043b\u044c\u043d\u043e\u0433\u043e \u0444\u0443\u043d\u043a\u0446\u0438\u043e\u043d\u0438\u0440\u043e\u0432\u0430\u043d\u0438\u044f \u0441\u0430\u043c\u043e\u0439 \u0441\u0438\u0441\u0442\u0435\u043c\u044b \u0438 \u0440\u0430\u0437\u043b\u0438\u0447\u043d\u044b\u0445 \u043f\u0440\u043e\u0434\u0443\u043a\u0442\u043e\u0432, \u043a\u043e\u0442\u043e\u0440\u044b\u0435 \u0442\u0440\u0435\u0431\u0443\u044e\u0442\u0441\u044f \u0432 \u043f\u0440\u043e\u0446\u0435\u0441\u0441\u0435 \u043e\u0431\u0441\u043b\u0443\u0436\u0438\u0432\u0430\u043d\u0438\u044f \u043a\u043b\u0438\u0435\u043d\u0442\u043e\u0432.", "features": "", "price": 18500, "available": true, "stock": 11, "created_at": "2023-03-29T12:23:39.150", "updated_at": "2023-03-29T12:23:39.150", "image": "images/smart-terminal-atol-sigma-7.png", "rating": "3.8", "stars": 4, "is_popular": false}}, {"model": "lenivastore.product", "pk": 17, "fields": {"category": 4, "subcategory": 4, "name": "\u041f\u0440\u043e\u0432\u043e\u0434\u043d\u043e\u0439 \u0441\u043a\u0430\u043d\u0435\u0440 Mindeo MD6600", "slug": "provodnoj-skaner-mindeo-md6600", "description": "\u0421\u043a\u0430\u043d\u0435\u0440 \u0448\u0442\u0440\u0438\u0445-\u043a\u043e\u0434\u0430 Mindeo MD 6600 HD \u043f\u0440\u0435\u0434\u0441\u0442\u0430\u0432\u043b\u044f\u0435\u0442 \u0441\u043e\u0431\u043e\u0439 \u043a\u043e\u043c\u043f\u0430\u043a\u0442\u043d\u044b\u0439 \u0440\u0443\u0447\u043d\u043e\u0439 \u043f\u0440\u0438\u0431\u043e\u0440, \u043f\u043e\u0434\u0434\u0435\u0440\u0436\u0438\u0432\u0430\u044e\u0449\u0438\u0439 \u0434\u0435\u043a\u043e\u0434\u0438\u0440\u043e\u0432\u0430\u043d\u0438\u0435 2D-\u043a\u043e\u0434\u043e\u0432. \u041e\u043d \u0438\u0441\u043f\u043e\u043b\u044c\u0437\u0443\u0435\u0442 \u043f\u0440\u043e\u0432\u043e\u0434\u043d\u043e\u0435 \u043f\u043e\u0434\u043a\u043b\u044e\u0447\u0435\u043d\u0438\u0435 \u043f\u043e\u0441\u0440\u0435\u0434\u0441\u0442\u0432\u043e\u043c \u0438\u043d\u0442\u0435\u0440\u0444\u0435\u0439\u0441\u0430 USB. \u0413\u0435\u0440\u043c\u0435\u0442\u0438\u0447\u043d\u044b\u0439 \u043a\u043e\u0440\u043f\u0443\u0441 \u043f\u0440\u0438\u0431\u043e\u0440\u0430 \u0437\u0430\u0449\u0438\u0449\u0435\u043d \u043e\u0442 \u0432\u043e\u0437\u0434\u0435\u0439\u0441\u0442\u0432\u0438\u044f \u0442\u0432\u0435\u0440\u0434\u044b\u0445 \u0447\u0430\u0441\u0442\u0438\u0446 \u043f\u044b\u043b\u0438 \u0438 \u043a\u0430\u043f\u0435\u043b\u044c \u0432\u043e\u0434\u044b \u0432 \u0441\u043e\u043e\u0442\u0432\u0435\u0442\u0441\u0442\u0432\u0438\u0438 \u0441\u043e \u0441\u0442\u0430\u043d\u0434\u0430\u0440\u0442\u043e\u043c IP52. \u041a\u043e\u043d\u0441\u0442\u0440\u0443\u043a\u0446\u0438\u044f \u0441\u043a\u0430\u043d\u0435\u0440\u0430 \u043f\u0440\u0435\u0434\u0443\u0441\u043c\u0430\u0442\u0440\u0438\u0432\u0430\u0435\u0442 \u043d\u0430\u043b\u0438\u0447\u0438\u0435 \u0441\u043a\u0430\u043d\u0438\u0440\u0443\u044e\u0449\u0435\u0433\u043e \u0444\u043e\u0442\u043e-\u043c\u043e\u0434\u0443\u043b\u044f, \u0447\u0442\u043e \u0434\u0435\u043b\u0430\u0435\u0442 \u0432\u043e\u0437\u043c\u043e\u0436\u043d\u044b\u043c \u0441\u0447\u0438\u0442\u044b\u0432\u0430\u043d\u0438\u0435 \u0448\u0442\u0440\u0438\u0445-\u043a\u043e\u0434\u043e\u0432 \u0441 \u044d\u043a\u0440\u0430\u043d\u043e\u0432 \u043c\u043e\u0431\u0438\u043b\u044c\u043d\u044b\u0445 \u0443\u0441\u0442\u0440\u043e\u0439\u0441\u0442\u0432.\r\nMindeo MD 6600 HD \u043f\u043e\u0434\u0434\u0435\u0440\u0436\u0438\u0432\u0430\u0435\u0442 \u043c\u043d\u043e\u0433\u043e\u043f\u043b\u043e\u0441\u043a\u043e\u0441\u0442\u043d\u043e\u0435 \u0441\u043a\u0430\u043d\u0438\u0440\u043e\u0432\u0430\u043d\u0438\u0435, \u0431\u043b\u0430\u0433\u043e\u0434\u0430\u0440\u044f \u043a\u043e\u0442\u043e\u0440\u043e\u043c\u0443 \u0441\u0447\u0438\u0442\u044b\u0432\u0430\u0442\u044c \u0448\u0442\u0440\u0438\u0445-\u043a\u043e\u0434\u044b \u043c\u043e\u0436\u043d\u043e \u043f\u0440\u0438 \u0440\u0430\u0437\u043b\u0438\u0447\u043d\u044b\u0445 \u0443\u0433\u043b\u0430\u0445 \u0441\u043a\u0430\u043d\u0438\u0440\u043e\u0432\u0430\u043d\u0438\u044f. \u0421\u043a\u0430\u043d\u0438\u0440\u0443\u044e\u0449\u0438\u0439 \u043c\u043e\u0434\u0443\u043b\u044c \u043f\u043e\u0437\u0432\u043e\u043b\u044f\u0435\u0442 \u043f\u043e\u043b\u0443\u0447\u0438\u0442\u044c \u0431\u043e\u043b\u0435\u0435 \u0432\u044b\u0441\u043e\u043a\u0443\u044e \u0441\u043a\u043e\u0440\u043e\u0441\u0442\u044c \u0434\u0435\u043a\u043e\u0434\u0438\u0440\u043e\u0432\u0430\u043d\u0438\u044f, \u0430 \u0442\u0430\u043a\u0436\u0435 \u043e\u0431\u0435\u0441\u043f\u0435\u0447\u0438\u0432\u0430\u0435\u0442 \u044d\u0444\u0444\u0435\u043a\u0442\u0438\u0432\u043d\u043e\u0441\u0442\u044c \u043f\u0440\u0438 \u0441\u0447\u0438\u0442\u044b\u0432\u0430\u043d\u0438\u0438 \u043f\u043b\u043e\u0445\u043e \u043f\u0440\u043e\u043f\u0435\u0447\u0430\u0442\u0430\u043d\u043d\u044b\u0445 \u043a\u043e\u0434\u043e\u0432. \u042d\u0440\u0433\u043e\u043d\u043e\u043c\u0438\u0447\u043d\u0430\u044f \u0440\u0443\u0447\u043a\u0430 \u0432 \u0432\u0438\u0434\u0435 \u043f\u0438\u0441\u0442\u043e\u043b\u0435\u0442\u0430 \u043e\u0431\u0435\u0441\u043f\u0435\u0447\u0438\u0432\u0430\u0435\u0442 \u043a\u043e\u043c\u0444\u043e\u0440\u0442\u043d\u043e\u0435 \u0443\u0434\u0435\u0440\u0436\u0430\u043d\u0438\u0435 \u0441\u043a\u0430\u043d\u0435\u0440\u0430 \u0434\u043b\u0438\u0442\u0435\u043b\u044c\u043d\u043e\u0435 \u0432\u0440\u0435\u043c\u044f, \u043f\u043e\u044d\u0442\u043e\u043c\u0443 \u0430\u043f\u043f\u0430\u0440\u0430\u0442 \u0431\u0443\u0434\u0435\u0442 \u043d\u0435\u0437\u0430\u043c\u0435\u043d\u0438\u043c \u0434\u043b\u044f \u0438\u0441\u043f\u043e\u043b\u044c\u0437\u043e\u0432\u0430\u043d\u0438\u044f \u0432 \u0430\u043f\u0442\u0435\u0447\u043d\u044b\u0445 \u0441\u0435\u0442\u044f\u0445 \u0438 \u0440\u043e\u0437\u043d\u0438\u0447\u043d\u043e\u0439 \u0442\u043e\u0440\u0433\u043e\u0432\u043b\u0435, \u043f\u043e\u0437\u0432\u043e\u043b\u044f\u044f \u043f\u043e\u0432\u044b\u0441\u0438\u0442\u044c \u043f\u0440\u043e\u0438\u0437\u0432\u043e\u0434\u0438\u0442\u0435\u043b\u044c\u043d\u043e\u0441\u0442\u044c \u043a\u0430\u0441\u0441\u0438\u0440\u043e\u0432.\u0421\u043a\u0430\u043d\u0435\u0440 \u0448\u0442\u0440\u0438\u0445-\u043a\u043e\u0434\u0430 Mindeo MD 6600 HD \u043f\u0440\u0435\u0434\u0441\u0442\u0430\u0432\u043b\u044f\u0435\u0442 \u0441\u043e\u0431\u043e\u0439 \u043a\u043e\u043c\u043f\u0430\u043a\u0442\u043d\u044b\u0439 \u0440\u0443\u0447\u043d\u043e\u0439 \u043f\u0440\u0438\u0431\u043e\u0440, \u043f\u043e\u0434\u0434\u0435\u0440\u0436\u0438\u0432\u0430\u044e\u0449\u0438\u0439 \u0434\u0435\u043a\u043e\u0434\u0438\u0440\u043e\u0432\u0430\u043d\u0438\u0435 2D-\u043a\u043e\u0434\u043e\u0432. \u041e\u043d \u0438\u0441\u043f\u043e\u043b\u044c\u0437\u0443\u0435\u0442 \u043f\u0440\u043e\u0432\u043e\u0434\u043d\u043e\u0435 \u043f\u043e\u0434\u043a\u043b\u044e\u0447\u0435\u043d\u0438\u0435 \u043f\u043e\u0441\u0440\u0435\u0434\u0441\u0442\u0432\u043e\u043c \u0438\u043d\u0442\u0435\u0440\u0444\u0435\u0439\u0441\u0430 USB. \u0413\u0435\u0440\u043c\u0435\u0442\u0438\u0447\u043d\u044b\u0439 \u043a\u043e\u0440\u043f\u0443\u0441 \u043f\u0440\u0438\u0431\u043e\u0440\u0430 \u0437\u0430\u0449\u0438\u0449\u0435\u043d \u043e\u0442 \u0432\u043e\u0437\u0434\u0435\u0439\u0441\u0442\u0432\u0438\u044f \u0442\u0432\u0435\u0440\u0434\u044b\u0445 \u0447\u0430\u0441\u0442\u0438\u0446 \u043f\u044b\u043b\u0438 \u0438 \u043a\u0430\u043f\u0435\u043b\u044c \u0432\u043e\u0434\u044b \u0432 \u0441\u043e\u043e\u0442\u0432\u0435\u0442\u0441\u0442\u0432\u0438\u0438 \u0441\u043e \u0441\u0442\u0430\u043d\u0434\u0430\u0440\u0442\u043e\u043c IP52. \u041a\u043e\u043d\u0441\u0442\u0440\u0443\u043a\u0446\u0438\u044f \u0441\u043a\u0430\u043d\u0435\u0440\u0430 \u043f\u0440\u0435\u0434\u0443\u0441\u043c\u0430\u0442\u0440\u0438\u0432\u0430\u0435\u0442 \u043d\u0430\u043b\u0438\u0447\u0438\u0435 \u0441\u043a\u0430\u043d\u0438\u0440\u0443\u044e\u0449\u0435\u0433\u043e \u0444\u043e\u0442\u043e-\u043c\u043e\u0434\u0443\u043b\u044f, \u0447\u0442\u043e \u0434\u0435\u043b\u0430\u0435\u0442 \u0432\u043e\u0437\u043c\u043e\u0436\u043d\u044b\u043c \u0441\u0447\u0438\u0442\u044b\u0432\u0430\u043d\u0438\u0435 \u0448\u0442\u0440\u0438\u0445-\u043a\u043e\u0434\u043e\u0432 \u0441 \u044d\u043a\u0440\u0430\u043d\u043e\u0432 \u043c\u043e\u0431\u0438\u043b\u044c\u043d\u044b\u0445 \u0443\u0441\u0442\u0440\u043e\u0439\u0441\u0442\u0432.\r\nMindeo MD 6600 HD \u043f\u043e\u0434\u0434\u0435\u0440\u0436\u0438\u0432\u0430\u0435\u0442 \u043c\u043d\u043e\u0433\u043e\u043f\u043b\u043e\u0441\u043a\u043e\u0441\u0442\u043d\u043e\u0435 \u0441\u043a\u0430\u043d\u0438\u0440\u043e\u0432\u0430\u043d\u0438\u0435, \u0431\u043b\u0430\u0433\u043e\u0434\u0430\u0440\u044f \u043a\u043e\u0442\u043e\u0440\u043e\u043c\u0443 \u0441\u0447\u0438\u0442\u044b\u0432\u0430\u0442\u044c \u0448\u0442\u0440\u0438\u0445-\u043a\u043e\u0434\u044b \u043c\u043e\u0436\u043d\u043e \u043f\u0440\u0438 \u0440\u0430\u0437\u043b\u0438\u0447\u043d\u044b\u0445 \u0443\u0433\u043b\u0430\u0445 \u0441\u043a\u0430\u043d\u0438\u0440\u043e\u0432\u0430\u043d\u0438\u044f. \u0421\u043a\u0430\u043d\u0438\u0440\u0443\u044e\u0449\u0438\u0439 \u043c\u043e\u0434\u0443\u043b\u044c \u043f\u043e\u0437\u0432\u043e\u043b\u044f\u0435\u0442 \u043f\u043e\u043b\u0443\u0447\u0438\u0442\u044c \u0431\u043e\u043b\u0435\u0435 \u0432\u044b\u0441\u043e\u043a\u0443\u044e \u0441\u043a\u043e\u0440\u043e\u0441\u0442\u044c \u0434\u0435\u043a\u043e\u0434\u0438\u0440\u043e\u0432\u0430\u043d\u0438\u044f, \u0430 \u0442\u0430\u043a\u0436\u0435 \u043e\u0431\u0435\u0441\u043f\u0435\u0447\u0438\u0432\u0430\u0435\u0442 \u044d\u0444\u0444\u0435\u043a\u0442\u0438\u0432\u043d\u043e\u0441\u0442\u044c \u043f\u0440\u0438 \u0441\u0447\u0438\u0442\u044b\u0432\u0430\u043d\u0438\u0438 \u043f\u043b\u043e\u0445\u043e \u043f\u0440\u043e\u043f\u0435\u0447\u0430\u0442\u0430\u043d\u043d\u044b\u0445 \u043a\u043e\u0434\u043e\u0432. \u042d\u0440\u0433\u043e\u043d\u043e\u043c\u0438\u0447\u043d\u0430\u044f \u0440\u0443\u0447\u043a\u0430 \u0432 \u0432\u0438\u0434\u0435 \u043f\u0438\u0441\u0442\u043e\u043b\u0435\u0442\u0430 \u043e\u0431\u0435\u0441\u043f\u0435\u0447\u0438\u0432\u0430\u0435\u0442 \u043a\u043e\u043c\u0444\u043e\u0440\u0442\u043d\u043e\u0435 \u0443\u0434\u0435\u0440\u0436\u0430\u043d\u0438\u0435 \u0441\u043a\u0430\u043d\u0435\u0440\u0430 \u0434\u043b\u0438\u0442\u0435\u043b\u044c\u043d\u043e\u0435 \u0432\u0440\u0435\u043c\u044f, \u043f\u043e\u044d\u0442\u043e\u043c\u0443 \u0430\u043f\u043f\u0430\u0440\u0430\u0442 \u0431\u0443\u0434\u0435\u0442 \u043d\u0435\u0437\u0430\u043c\u0435\u043d\u0438\u043c \u0434\u043b\u044f \u0438\u0441\u043f\u043e\u043b\u044c\u0437\u043e\u0432\u0430\u043d\u0438\u044f \u0432 \u0430\u043f\u0442\u0435\u0447\u043d\u044b\u0445 \u0441\u0435\u0442\u044f\u0445 \u0438 \u0440\u043e\u0437\u043d\u0438\u0447\u043d\u043e\u0439 \u0442\u043e\u0440\u0433\u043e\u0432\u043b\u0435, \u043f\u043e\u0437\u0432\u043e\u043b\u044f\u044f \u043f\u043e\u0432\u044b\u0441\u0438\u0442\u044c \u043f\u0440\u043e\u0438\u0437\u0432\u043e\u0434\u0438\u0442\u0435\u043b\u044c\u043d\u043e\u0441\u0442\u044c \u043a\u0430\u0441\u0441\u0438\u0440\u043e\u0432.", "features": "", "price": 3500, "available": true, "stock": 18, "created_at": "2023-03-29T12:25:19.670", "updated_at": "2023-03-29T12:26:48.693", "image": "images/provodnoj-skaner-mindeo-md6600.png", "rating": "4.3", "stars": 4, "is_popular": false}}, {"model": "lenivastore.product", "pk": 18, "fields": {"category": 4, "subcategory": 5, "name": "\u041f\u0440\u0438\u043d\u0442\u0435\u0440 \u044d\u0442\u0438\u043a\u0435\u0442\u043e\u043a TSC TDP 225", "slug": "printer-etiketok-tsc-tdp-225", "description": "TDP-225 - \u043a\u043e\u043c\u043f\u0430\u043a\u0442\u043d\u044b\u0439 \u043f\u0440\u0438\u043d\u0442\u0435\u0440 \u0434\u043b\u044f \u043f\u0435\u0447\u0430\u0442\u0438 \u044d\u0442\u0438\u043a\u0435\u0442\u043e\u043a \u0441 \u0431\u043e\u043b\u044c\u0448\u0438\u043c\u0438 \u0432\u043e\u0437\u043c\u043e\u0436\u043d\u043e\u0441\u0442\u044f\u043c\u0438, \u043e\u0431\u0435\u0441\u043f\u0435\u0447\u0438\u0432\u0430\u044e\u0449\u0438\u0439 \u0448\u0438\u0440\u0438\u043d\u0443 \u043f\u0435\u0447\u0430\u0442\u0438 2 \u0434\u044e\u0439\u043c\u0430, \u0441\u043e\u0437\u0434\u0430\u043d \u0441 \u043f\u0440\u0438\u0441\u0443\u0449\u0438\u043c \u043a\u043e\u043c\u043f\u0430\u043d\u0438\u0438 TSC \u0441\u0442\u0440\u0435\u043c\u043b\u0435\u043d\u0438\u0435\u043c \u043a \u0434\u043e\u043b\u0433\u043e\u0432\u0435\u0447\u043d\u043e\u0441\u0442\u0438, \u043d\u0430\u0434\u0435\u0436\u043d\u043e\u0441\u0442\u0438 \u0438 \u0438\u043d\u043d\u043e\u0432\u0430\u0446\u0438\u044f\u043c. \u042d\u0442\u043e\u0442 \u043f\u0440\u0438\u043d\u0442\u0435\u0440 \u0434\u043b\u044f \u043f\u0440\u044f\u043c\u043e\u0439 \u0442\u0435\u0440\u043c\u043e\u043f\u0435\u0447\u0430\u0442\u0438 \u043e\u0442\u043b\u0438\u0447\u0430\u0435\u0442\u0441\u044f \u043a\u043e\u043c\u043f\u0430\u043a\u0442\u043d\u043e\u0439 \u043a\u043e\u043d\u0441\u0442\u0440\u0443\u043a\u0446\u0438\u0435\u0439 \u0438 \u0432\u044b\u0441\u043e\u043a\u0438\u043c\u0438 \u044d\u043a\u0441\u043f\u043b\u0443\u0430\u0442\u0430\u0446\u0438\u043e\u043d\u043d\u044b\u043c\u0438 \u0445\u0430\u0440\u0430\u043a\u0442\u0435\u0440\u0438\u0441\u0442\u0438\u043a\u0430\u043c\u0438. \u0411\u043b\u0430\u0433\u043e\u0434\u0430\u0440\u044f \u044d\u0442\u043e\u043c\u0443 \u043e\u043d \u044f\u0432\u043b\u044f\u0435\u0442\u0441\u044f \u0438\u0434\u0435\u0430\u043b\u044c\u043d\u044b\u043c \u0440\u0435\u0448\u0435\u043d\u0438\u0435\u043c \u0434\u043b\u044f \u043c\u043d\u043e\u0433\u0438\u0445 \u0443\u0447\u0440\u0435\u0436\u0434\u0435\u043d\u0438\u0439 \u0437\u0434\u0440\u0430\u0432\u043e\u043e\u0445\u0440\u0430\u043d\u0435\u043d\u0438\u044f \u0438 \u043f\u0440\u0435\u0434\u043f\u0440\u0438\u044f\u0442\u0438\u0439 \u0440\u043e\u0437\u043d\u0438\u0447\u043d\u043e\u0439 \u0442\u043e\u0440\u0433\u043e\u0432\u043b\u0438, \u0430 \u0442\u0430\u043a\u0436\u0435 \u0432 \u043e\u0431\u043b\u0430\u0441\u0442\u0438 \u043c\u0430\u0440\u043a\u0438\u0440\u043e\u0432\u043a\u0438 \u0441 \u0446\u0435\u043b\u044c\u044e \u043a\u043e\u043d\u0442\u0440\u043e\u043b\u044f \u0434\u0432\u0438\u0436\u0435\u043d\u0438\u044f \u043e\u0441\u043d\u043e\u0432\u043d\u044b\u0445 \u0441\u0440\u0435\u0434\u0441\u0442\u0432.", "features": "", "price": 13700, "available": true, "stock": 6, "created_at": "2023-03-29T12:34:59.068", "updated_at": "2023-03-29T12:34:59.068", "image": "images/printer-etiketok-tsc-tdp-225.png", "rating": "4.0", "stars": 4, "is_popular": false}}, {"model": "lenivastore.product", "pk": 19, "fields": {"category": 5, "subcategory": 6, "name": "\u041f\u043e\u0434\u043a\u043b\u044e\u0447\u0435\u043d\u0438\u0435 \u0438 \u043d\u0430\u0441\u0442\u0440\u043e\u0439\u043a\u0430 \u042d\u0414\u041e", "slug": "podklyuchenie-i-nastrojka-edo", "description": "", "features": "", "price": 2000, "available": true, "stock": 999, "created_at": "2023-03-29T12:38:14.770", "updated_at": "2023-03-29T12:38:40.254", "image": "images/podklyuchenie-i-nastrojka-edo.png", "rating": null, "stars": null, "is_popular": false}}, {"model": "lenivastore.product", "pk": 20, "fields": {"category": 5, "subcategory": 6, "name": "\u0414\u043e\u0440\u0430\u0431\u043e\u0442\u043a\u0430 \u043f\u0440\u043e\u0433\u0440\u0430\u043c\u043c 1\u0421 \u043f\u043e\u0434 \u043f\u043e\u0442\u0440\u0435\u0431\u043d\u043e\u0441\u0442\u0438 \u0437\u0430\u043a\u0430\u0437\u0447\u0438\u043a\u0430", "slug": "dorabotka-programm-1s-pod-potrebnosti-zakazchika", "description": "\u0446\u0435\u043d\u0430 \u0437\u0430 \u0447\u0430\u0441", "features": "", "price": 1800, "available": true, "stock": 999, "created_at": "2023-03-29T12:40:17.890", "updated_at": "2023-03-29T12:40:17.890", "image": "images/dorabotka-programm-1s-pod-potrebnosti-zakazchika.png", "rating": null, "stars": null, "is_popular": false}}, {"model": "lenivastore.product", "pk": 21, "fields": {"category": 5, "subcategory": 7, "name": "\u041d\u0430\u0441\u0442\u0440\u043e\u0439\u043a\u0430 \u0443\u0447\u0435\u0442\u0430 \u0415\u0413\u0410\u0418\u0421", "slug": "nastrojka-ucheta-egais", "description": "", "features": "", "price": 1500, "available": true, "stock": 999, "created_at": "2023-03-29T12:41:57.291", "updated_at": "2023-03-29T12:41:57.291", "image": "images/nastrojka-ucheta-egais.png", "rating": null, "stars": null, "is_popular": false}}, {"model": "lenivastore.product", "pk": 22, "fields": {"category": 5, "subcategory": 7, "name": "\u041f\u043e\u043b\u0443\u0447\u0435\u043d\u0438\u0435 \u042d\u0426\u041f \u0415\u0413\u0410\u0418\u0421", "slug": "poluchenie-ecp-egais", "description": "", "features": "", "price": 1800, "available": true, "stock": 999, "created_at": "2023-03-29T12:42:56.667", "updated_at": "2023-03-29T12:42:56.667", "image": "images/poluchenie-ecp-egais.png", "rating": null, "stars": null, "is_popular": false}}, {"model": "lenivastore.product", "pk": 23, "fields": {"category": 5, "subcategory": 8, "name": "\u041f\u043e\u043b\u0443\u0447\u0435\u043d\u0438\u0435 \u042d\u0426\u041f (\u041c\u0430\u0440\u043a\u0438\u0440\u043e\u0432\u043a\u0430)", "slug": "poluchenie-ecp-markirovka", "description": "", "features": "", "price": 1800, "available": true, "stock": 999, "created_at": "2023-03-29T12:47:26.735", "updated_at": "2023-03-29T12:47:26.735", "image": "images/poluchenie-ecp-markirovka.png", "rating": null, "stars": null, "is_popular": false}}, {"model": "lenivastore.product", "pk": 24, "fields": {"category": 5, "subcategory": 9, "name": "\u0420\u0435\u0433\u0438\u0441\u0442\u0440\u0430\u0446\u0438\u044f \u041a\u041a\u0422", "slug": "registraciya-kkt", "description": "", "features": "", "price": 1000, "available": true, "stock": 999, "created_at": "2023-03-29T12:55:21.784", "updated_at": "2023-03-29T12:55:21.784", "image": "images/registraciya-kkt.png", "rating": null, "stars": null, "is_popular": false}}, {"model": "lenivastore.product", "pk": 25, "fields": {"category": 5, "subcategory": 9, "name": "\u0421\u043d\u044f\u0442\u0438\u0435 \u041a\u041a\u0422 \u0441 \u0443\u0447\u0435\u0442\u0430", "slug": "snyatie-kkt-s-ucheta", "description": "", "features": "", "price": 500, "available": true, "stock": 999, "created_at": "2023-03-29T12:56:22.414", "updated_at": "2023-03-29T12:56:22.414", "image": "images/snyatie-kkt-s-ucheta.png", "rating": null, "stars": null, "is_popular": false}}, {"model": "lenivastore.product", "pk": 26, "fields": {"category": 5, "subcategory": 10, "name": "\u0423\u0441\u043b\u0443\u0433\u0438 \u041e\u0424\u0414 15 \u043c\u0435\u0441.", "slug": "uslugi-ofd-15-mes", "description": "", "features": "", "price": 1500, "available": true, "stock": 1500, "created_at": "2023-03-29T12:57:35.933", "updated_at": "2023-03-29T12:57:35.933", "image": "images/uslugi-ofd-15-mes.png", "rating": null, "stars": null, "is_popular": false}}, {"model": "lenivastore.product", "pk": 27, "fields": {"category": 5, "subcategory": 10, "name": "\u0423\u0441\u043b\u0443\u0433\u0438 \u041e\u0424\u0414 36 \u043c\u0435\u0441.", "slug": "uslugi-ofd-36-mes", "description": "", "features": "", "price": 3800, "available": true, "stock": 999, "created_at": "2023-03-29T12:58:18.735", "updated_at": "2023-03-29T12:58:27.724", "image": "images/uslugi-ofd-36-mes.png", "rating": null, "stars": null, "is_popular": false}}, {"model": "lenivastore.product", "pk": 28, "fields": {"category": 5, "subcategory": 11, "name": "\u0420\u0435\u0433\u0438\u0441\u0442\u0440\u0430\u0446\u0438\u044f \u0432 \u0424\u0413\u0418\u0421 \u041c\u0435\u0440\u043a\u0443\u0440\u0438\u0439", "slug": "registraciya-v-fgis-merkurij", "description": "", "features": "", "price": 1000, "available": true, "stock": 999, "created_at": "2023-03-29T13:00:19.032", "updated_at": "2023-03-29T13:00:19.032", "image": "images/registraciya-v-fgis-merkurij.png", "rating": null, "stars": null, "is_popular": false}}, {"model": "lenivastore.product", "pk": 29, "fields": {"category": 5, "subcategory": 12, "name": "\u0420\u0435\u0433\u0438\u0441\u0442\u0440\u0430\u0446\u0438\u044f \u0432 \u0427\u0435\u0441\u0442\u043d\u044b\u0439 \u0437\u043d\u0430\u043a", "slug": "registraciya-v-chestnyj-znak", "description": "", "features": "", "price": 1000, "available": true, "stock": 999, "created_at": "2023-03-29T13:04:10.027", "updated_at": "2023-03-29T13:04:10.027", "image": "images/registraciya-v-chestnyj-znak.jpg", "rating": null, "stars": null, "is_popular": false}}, {"model": "lenivastore.product", "pk": 30, "fields": {"category": 5, "subcategory": 13, "name": "\u0420\u0435\u0433\u0438\u0441\u0442\u0440\u0430\u0446\u0438\u044f \u0418\u041f", "slug": "registraciya-ip", "description": "", "features": "", "price": 1500, "available": true, "stock": 999, "created_at": "2023-03-29T13:06:17.217", "updated_at": "2023-03-29T13:06:17.217", "image": "images/registraciya-ip.jpg", "rating": null, "stars": null, "is_popular": false}}, {"model": "lenivastore.product", "pk": 31, "fields": {"category": 5, "subcategory": 13, "name": "\u0417\u0430\u043a\u0440\u044b\u0442\u0438\u0435 \u0418\u041f", "slug": "zakrytie-ip", "description": "", "features": "", "price": 1000, "available": true, "stock": 999, "created_at": "2023-03-29T13:06:56.524", "updated_at": "2023-03-29T13:06:56.524", "image": "images/zakrytie-ip.jpg", "rating": null, "stars": null, "is_popular": false}}, {"model": "lenivastore.product", "pk": 32, "fields": {"category": 6, "subcategory": 14, "name": "\u041a\u043e\u043c\u043f\u043b\u0435\u043a\u0442 \u0434\u043b\u044f \u043c\u0430\u0433\u0430\u0437\u0438\u043d\u0430 \u0441 \u043e\u0434\u043d\u0438\u043c \u0440\u0430\u0431\u043e\u0447\u0438\u043c \u043c\u0435\u0441\u0442\u043e\u043c:", "slug": "komplekt-dlya-magazina-s-odnim-rabochim-mestom", "description": "- 1\u0421 \u0420\u043e\u0437\u043d\u0438\u0446\u0430 (\u0431\u0430\u0437\u043e\u0432\u0430\u044f)\r\n- \u041e\u043d\u043b\u0430\u0439\u043d-\u043a\u0430\u0441\u0441\u0430 \u0410\u0442\u043e\u043b 30\u0444 \u0441 \u0424\u041d 15 \u0438\u043b\u0438 36 (\u0430\u043f\u043f\u0430\u0440\u0430\u0442 + \u0444\u0438\u0441\u043a\u0430\u043b\u044c\u043d\u044b\u0439 \u043d\u0430\u043a\u043e\u043f\u0438\u0442\u0435\u043b\u044c + \u0440\u0435\u0433\u0438\u0441\u0442\u0440\u0430\u0446\u0438\u044f \u0432 \u0418\u0424\u041d\u0421)\r\n- \u0421\u043a\u0430\u043d\u0435\u0440 \u0448\u0442\u0440\u0438\u0445\u043a\u043e\u0434\u043e\u0432 Mindeo 6600", "features": "", "price": 23000, "available": true, "stock": 6, "created_at": "2023-03-29T13:12:51.873", "updated_at": "2023-03-29T13:12:51.873", "image": "", "rating": null, "stars": null, "is_popular": false}}, {"model": "lenivastore.product", "pk": 33, "fields": {"category": 6, "subcategory": 14, "name": "\u041a\u043e\u043c\u043f\u043b\u0435\u043a\u0442 \u0434\u043b\u044f \u043c\u0430\u0433\u0430\u0437\u0438\u043d\u0430 \u0441 \u0434\u0432\u0443\u043c\u044f \u0440\u0430\u0431\u043e\u0447\u0438\u043c \u043c\u0435\u0441\u0442\u0430\u043c\u0438", "slug": "komplekt-dlya-magazina-s-dvumya-rabochim-mestami", "description": "\u2014\u00a01\u0421\u00a0\u0420\u043e\u0437\u043d\u0438\u0446\u0430 (\u041f\u0440\u043e\u0444)\r\n\u2014\u00a01\u0421\u00a0\u0414\u043e\u043f\u043e\u043b\u043d\u0438\u0442\u0435\u043b\u044c\u043d\u043e\u0435 \u0440\u0430\u0431\u043e\u0447\u0435\u0435 \u043c\u0435\u0441\u0442\u043e\r\n\u2014\u00a02 \u041e\u043d\u043b\u0430\u0439\u043d-\u043a\u0430\u0441\u0441\u044b \u0410\u0442\u043e\u043b 30\u0444\u00a0\u0441\u00a0\u0424\u041d\u00a015 \u0438\u043b\u0438 36 (\u0430\u043f\u043f\u0430\u0440\u0430\u0442 + \u0444\u0438\u0441\u043a\u0430\u043b\u044c\u043d\u044b\u0439 \u043d\u0430\u043a\u043e\u043f\u0438\u0442\u0435\u043b\u044c + \u0440\u0435\u0433\u0438\u0441\u0442\u0440\u0430\u0446\u0438\u044f \u0432\u00a0\u0418\u0424\u041d\u0421)\r\n\u2014\u00a02 \u0421\u043a\u0430\u043d\u0435\u0440\u0430 \u0448\u0442\u0440\u0438\u0445\u043a\u043e\u0434\u043e\u0432 Mindeo 6600", "features": "", "price": 54000, "available": true, "stock": 9, "created_at": "2023-03-29T13:14:35.812", "updated_at": "2023-03-29T13:14:35.812", "image": "", "rating": null, "stars": null, "is_popular": false}}, {"model": "lenivastore.news", "pk": 1, "fields": {"title": "\u041e \u043f\u0440\u0435\u043a\u0440\u0430\u0449\u0435\u043d\u0438\u0438 \u043f\u0440\u0438\u043c\u0435\u043d\u0435\u043d\u0438\u044f \u0441 01.01.2023 \u0423\u0421\u041d \u043f\u0440\u0438 \u043f\u0440\u043e\u0438\u0437\u0432\u043e\u0434\u0441\u0442\u0432\u0435 \u044e\u0432\u0435\u043b\u0438\u0440\u043d\u044b\u0445 \u0438 \u0434\u0440\u0443\u0433\u0438\u0445 \u0438\u0437\u0434\u0435\u043b\u0438\u0439 \u0438\u0437 \u0434\u0440\u0430\u0433\u043e\u0446\u0435\u043d\u043d\u044b\u0445", "link": "https://www.nalog.gov.ru/rn77/news/tax_doc_news/13121756/", "image": "images/original.jpeg"}}, {"model": "lenivastore.news", "pk": 2, "fields": {"title": "\u041e\u043f\u0435\u0440\u0430\u0446\u0438\u0438 \u0441 \u043f\u0440\u043e\u0441\u043b\u0435\u0436\u0438\u0432\u0430\u0435\u043c\u044b\u043c\u0438 \u0442\u043e\u0432\u0430\u0440\u0430\u043c\u0438 \u0442\u0435\u043f\u0435\u0440\u044c \u043e\u0442\u0440\u0430\u0436\u0430\u044e\u0442\u0441\u044f \u0432 \u0440\u0435\u0436\u0438\u043c\u0435 \u0440\u0435\u0430\u043b\u044c\u043d\u043e\u0433\u043e \u0432\u0440\u0435\u043c\u0435\u043d\u0438", "link": "https://www.nalog.gov.ru/rn77/news/activities_fts/13121387/", "image": "images/pic-fns.jpeg"}}, {"model": "lenivastore.news", "pk": 3, "fields": {"title": "\u041e\u0441\u043e\u0431\u0435\u043d\u043d\u043e\u0441\u0442\u0438 \u043f\u0440\u0438\u043c\u0435\u043d\u0435\u043d\u0438\u044f \u0430\u0432\u0442\u043e\u0423\u0421\u041d \u0440\u0430\u0437\u044a\u044f\u0441\u043d\u0438\u0442 \u043d\u0430 \u0432\u0435\u0431\u0438\u043d\u0430\u0440\u0435 \u0441\u043f\u0435\u0446\u0438\u0430\u043b\u0438\u0441\u0442 \u0424\u041d\u0421 \u0420\u043e\u0441\u0441\u0438\u0438", "link": "https://www.nalog.gov.ru/rn77/news/activities_fts/13099262/", "image": "images/clavafns.jpeg"}}, {"model": "orders.order", "pk": 1, "fields": {"phone_order": "+12125552368", "first_name": "\u0432\u0430\u0441\u044f", "last_name": "\u043f\u0443\u043f\u043a\u0438\u043d", "email": "valliv2007@yandex.ru", "address": "fbfd", "postal_code": "1255", "city": "\u0432\u0430\u0432\u0430\u0438", "created": "2023-01-20T21:25:18.709", "updated": "2023-01-20T21:25:18.709", "paid": false, "order_processed": false, "card_paid": true, "cupon": null, "discount": 0}}, {"model": "orders.order", "pk": 2, "fields": {"phone_order": "+12125552368", "first_name": "c c", "last_name": "c \u0441\u043c", "email": "valliv2007@ya.ru", "address": "\u0430\u0430\u0432\u043c", "postal_code": "125545", "city": "\u044b\u043c\u044b\u0432\u043c\u0432\u044b\u0430", "created": "2023-01-20T21:25:46.219", "updated": "2023-01-20T21:29:16.825", "paid": false, "order_processed": false, "card_paid": true, "cupon": null, "discount": 10}}, {"model": "orders.order", "pk": 3, "fields": {"phone_order": "+12125552368", "first_name": "\u0430\u0432 \u0432\u0430", "last_name": "\u0430\u0432\u0430 \u0432\u0430", "email": "valliv2007@ya.ru", "address": "\u0432\u0430 \u0432\u0430", "postal_code": "\u0432\u0430 \u0430\u0432", "city": "\u0432\u0430\u0432\u0430\u0438", "created": "2023-01-20T21:27:11.630", "updated": "2023-01-20T21:28:21.274", "paid": true, "order_processed": true, "card_paid": false, "cupon": null, "discount": 0}}, {"model": "orders.order", "pk": 4, "fields": {"phone_order": "+12125552368", "first_name": "C CX", "last_name": "C CX", "email": "valliv2007@ya.ru", "address": "CX", "postal_code": "221", "city": "C XC", "created": "2023-01-20T21:33:23.019", "updated": "2023-01-20T21:33:23.019", "paid": false, "order_processed": false, "card_paid": false, "cupon": 1, "discount": 20}}, {"model": "orders.order", "pk": 5, "fields": {"phone_order": "+12125552368", "first_name": "C CX", "last_name": "C CX", "email": "valliv2007@ya.ru", "address": "CX", "postal_code": "221", "city": "C XC", "created": "2023-01-20T21:33:40.085", "updated": "2023-01-20T21:33:40.085", "paid": false, "order_processed": false, "card_paid": true, "cupon": 1, "discount": 20}}, {"model": "orders.order", "pk": 6, "fields": {"phone_order": "+12125552368", "first_name": "\u0432\u0430\u0441\u044f", "last_name": "\u043f\u0443\u043f\u043a\u0438\u043d", "email": "valliv2007@ya.ru", "address": "\u05dc\u05d7\u05d7\u05dc", "postal_code": "1255", "city": "\u0432\u0430\u0432\u0430\u0438", "created": "2023-01-21T11:43:26.837", "updated": "2023-01-21T11:43:26.837", "paid": false, "order_processed": false, "card_paid": true, "cupon": 1, "discount": 20}}, {"model": "orders.order", "pk": 7, "fields": {"phone_order": "+12125552368", "first_name": "\u0432\u0430\u0441\u044f", "last_name": "\u0421\u043d\u0435\u0436\u043a\u043e", "email": "valliv2007@ya.ru", "address": "CX", "postal_code": "125545", "city": "\u0432\u0430\u0432\u0430\u0438", "created": "2023-01-23T08:10:47.070", "updated": "2023-01-23T08:10:47.070", "paid": false, "order_processed": false, "card_paid": true, "cupon": null, "discount": 0}}, {"model": "orders.order", "pk": 8, "fields": {"phone_order": "+12125552368", "first_name": "\u0432\u0430\u0441\u044f", "last_name": "\u043f\u0443\u043f\u043a\u0438\u043d", "email": "turdei2022@gmail.com", "address": "fbfd", "postal_code": "125545", "city": "\u0432\u0430\u0432\u0430\u0438", "created": "2023-02-07T22:02:56.580", "updated": "2023-02-07T22:02:56.580", "paid": false, "order_processed": false, "card_paid": false, "cupon": null, "discount": 0}}, {"model": "orders.order", "pk": 9, "fields": {"phone_order": "+12125552368", "first_name": "\u0432\u0430\u0441\u044f", "last_name": "\u043f\u0443\u043f\u043a\u0438\u043d", "email": "turdei2022@gmail.com", "address": "fbfd", "postal_code": "125545", "city": "\u0432\u0430\u0432\u0430\u0438", "created": "2023-02-07T22:03:12.670", "updated": "2023-02-07T22:03:12.670", "paid": false, "order_processed": false, "card_paid": true, "cupon": null, "discount": 0}}, {"model": "orders.order", "pk": 10, "fields": {"phone_order": "+12125552368", "first_name": "\u0432\u0430\u0441\u044f", "last_name": "\u043f\u0443\u043f\u043a\u0438\u043d", "email": "turdei2022@gmail.com", "address": "fbfd", "postal_code": "125545", "city": "\u0432\u0430\u0432\u0430\u0438", "created": "2023-02-07T22:04:46.432", "updated": "2023-02-07T22:04:46.432", "paid": false, "order_processed": false, "card_paid": false, "cupon": null, "discount": 0}}, {"model": "orders.order", "pk": 11, "fields": {"phone_order": "+12125552368", "first_name": "\u0432\u0430\u0441\u044f", "last_name": "\u043f\u0443\u043f\u043a\u0438\u043d", "email": "turdei2022@gmail.com", "address": "fbfd", "postal_code": "125545", "city": "\u0432\u0430\u0432\u0430\u0438", "created": "2023-02-07T22:06:45.417", "updated": "2023-02-07T22:06:45.417", "paid": false, "order_processed": false, "card_paid": false, "cupon": null, "discount": 0}}, {"model": "orders.order", "pk": 12, "fields": {"phone_order": "+12125552368", "first_name": "\u0432\u0430\u0441\u044f", "last_name": "\u043f\u0443\u043f\u043a\u0438\u043d", "email": "turdei2022@gmail.com", "address": "fbfd", "postal_code": "125545", "city": "\u0432\u0430\u0432\u0430\u0438", "created": "2023-02-07T22:11:19.478", "updated": "2023-02-07T22:11:19.478", "paid": false, "order_processed": false, "card_paid": false, "cupon": null, "discount": 0}}, {"model": "orders.order", "pk": 13, "fields": {"phone_order": "+12125552368", "first_name": "\u0432\u0430\u0441\u044f", "last_name": "\u0421\u043d\u0435\u0436\u043a\u043e", "email": "varvara@ya.ru", "address": "\u0430\u0430\u0432\u043c", "postal_code": "125545", "city": "\u044b\u043c\u044b\u0432\u043c\u0432\u044b\u0430", "created": "2023-02-07T22:13:44.733", "updated": "2023-02-07T22:13:44.733", "paid": false, "order_processed": false, "card_paid": false, "cupon": null, "discount": 0}}, {"model": "orders.order", "pk": 14, "fields": {"phone_order": "+12125552368", "first_name": "\u0432\u0430\u0441\u044f", "last_name": "\u0448\u043b\u044e\u043f\u043a\u0438\u043d", "email": "tupkin@ya.ru", "address": "\u0430\u0430\u0432\u043c", "postal_code": "125545", "city": "\u0432\u0430\u0432\u0430\u0438", "created": "2023-02-07T22:29:26.666", "updated": "2023-02-07T22:29:26.666", "paid": false, "order_processed": false, "card_paid": false, "cupon": null, "discount": 0}}, {"model": "orders.order", "pk": 15, "fields": {"phone_order": "+12125552368", "first_name": "\u0432\u0430\u0441\u044f", "last_name": "\u0448\u043b\u044e\u043f\u043a\u0438\u043d", "email": "tupkin@ya.ru", "address": "\u0430\u0430\u0432\u043c", "postal_code": "125545", "city": "\u0432\u0430\u0432\u0430\u0438", "created": "2023-02-07T22:29:47.708", "updated": "2023-02-07T22:29:47.708", "paid": false, "order_processed": false, "card_paid": false, "cupon": null, "discount": 0}}, {"model": "orders.order", "pk": 16, "fields": {"phone_order": "+12125552368", "first_name": "\u0412\u0430\u0440\u0432\u0430\u0440\u0430", "last_name": "\u041b\u044e\u0431\u0438\u043c\u0430\u044f", "email": "v.korableva1990@ya.ru", "address": "\u0410\u0445\u0438 \u042d\u0439\u043b\u0430\u0442", "postal_code": "125545", "city": "\u0425\u0430\u0439\u0444\u0430", "created": "2023-02-07T22:47:29.960", "updated": "2023-02-07T22:47:29.960", "paid": false, "order_processed": false, "card_paid": false, "cupon": null, "discount": 0}}, {"model": "orders.order", "pk": 17, "fields": {"phone_order": "+12125552368", "first_name": "\u0412\u0430\u0440\u0432\u0430\u0440\u0430", "last_name": "\u041b\u044e\u0431\u0438\u043c\u0430\u044f", "email": "v.korableva1990@ya.ru", "address": "\u0410\u0445\u0438 \u042d\u0439\u043b\u0430\u0442", "postal_code": "125545", "city": "\u0425\u0430\u0439\u0444\u0430", "created": "2023-02-07T22:49:06.889", "updated": "2023-02-07T22:49:06.889", "paid": false, "order_processed": false, "card_paid": false, "cupon": null, "discount": 0}}, {"model": "orders.order", "pk": 18, "fields": {"phone_order": "+12125552368", "first_name": "\u0412\u0430\u0440\u0432\u0430\u0440\u0430", "last_name": "\u041b\u044e\u0431\u0438\u043c\u0430\u044f", "email": "v.korableva1990@ya.ru", "address": "\u0410\u0445\u0438 \u042d\u0439\u043b\u0430\u0442", "postal_code": "125545", "city": "\u0425\u0430\u0439\u0444\u0430", "created": "2023-02-07T22:50:04.946", "updated": "2023-02-07T22:50:04.946", "paid": false, "order_processed": false, "card_paid": false, "cupon": null, "discount": 0}}, {"model": "orders.order", "pk": 19, "fields": {"phone_order": "+12125552368", "first_name": "\u0412\u0430\u0440\u0432\u0430\u0440\u0430", "last_name": "\u041b\u044e\u0431\u0438\u043c\u0430\u044f", "email": "v.korableva1990@ya.ru", "address": "\u0410\u0445\u0438 \u042d\u0439\u043b\u0430\u0442", "postal_code": "125545", "city": "\u0425\u0430\u0439\u0444\u0430", "created": "2023-02-07T22:50:21.583", "updated": "2023-02-07T22:50:21.583", "paid": false, "order_processed": false, "card_paid": false, "cupon": null, "discount": 0}}, {"model": "orders.order", "pk": 20, "fields": {"phone_order": "+12125552368", "first_name": "\u0412\u0430\u0440\u0432\u0430\u0440\u0430", "last_name": "\u041b\u044e\u0431\u0438\u043c\u0430\u044f", "email": "v.korableva1990@ya.ru", "address": "\u0410\u0445\u0438 \u042d\u0439\u043b\u0430\u0442", "postal_code": "1255", "city": "\u0425\u0430\u0439\u0444\u0430", "created": "2023-02-07T22:54:08.115", "updated": "2023-02-07T22:54:08.115", "paid": false, "order_processed": false, "card_paid": true, "cupon": null, "discount": 0}}, {"model": "orders.order", "pk": 21, "fields": {"phone_order": "+12125552368", "first_name": "\u0432\u0430\u0441\u044f", "last_name": "\u043f\u0443\u043f\u043a\u0438\u043d", "email": "valliv2007@ya.ru", "address": "", "postal_code": "", "city": "\u0425\u0430\u0439\u0444\u0430", "created": "2023-02-12T13:41:06.521", "updated": "2023-02-12T13:41:06.521", "paid": false, "order_processed": false, "card_paid": true, "cupon": null, "discount": 0}}, {"model": "orders.order", "pk": 22, "fields": {"phone_order": "+12125552368", "first_name": "\u0418\u043b\u044c\u044f", "last_name": "", "email": "valliv2007@ya.ru", "address": "", "postal_code": "", "city": "", "created": "2023-02-12T13:48:06.320", "updated": "2023-02-12T13:48:06.320", "paid": false, "order_processed": false, "card_paid": false, "cupon": null, "discount": 0}}, {"model": "orders.order", "pk": 23, "fields": {"phone_order": "+12125552369", "first_name": "\u0432\u0430\u043d\u044f", "last_name": "\u0448\u043b\u044e\u043f\u043a\u0438\u043d", "email": "valliv2007@ya.ru", "address": "", "postal_code": "", "city": "", "created": "2023-02-12T13:56:55.486", "updated": "2023-02-12T13:56:55.486", "paid": false, "order_processed": false, "card_paid": false, "cupon": null, "discount": 0}}, {"model": "orders.order", "pk": 24, "fields": {"phone_order": "+12125552368", "first_name": "\u0412\u0430\u0440\u0432\u0430\u0440\u0430", "last_name": "", "email": "valliv2007@ya.ru", "address": "", "postal_code": "", "city": "", "created": "2023-02-14T17:37:30.782", "updated": "2023-02-14T17:37:30.782", "paid": false, "order_processed": false, "card_paid": false, "cupon": null, "discount": 0}}, {"model": "orders.order", "pk": 25, "fields": {"phone_order": "+12125552368", "first_name": "\u0432\u0430\u0441\u044f", "last_name": "", "email": "valliv2007@ya.ru", "address": "", "postal_code": "", "city": "", "created": "2023-02-14T17:38:53.209", "updated": "2023-02-14T17:38:53.209", "paid": false, "order_processed": false, "card_paid": false, "cupon": null, "discount": 0}}, {"model": "orders.order", "pk": 26, "fields": {"phone_order": "+12125552368", "first_name": "\u0412\u0430\u0440\u0432\u0430\u0440\u0430", "last_name": "", "email": "valliv2007@ya.ru", "address": "", "postal_code": "", "city": "", "created": "2023-02-20T18:21:00.880", "updated": "2023-02-20T18:21:00.880", "paid": false, "order_processed": false, "card_paid": false, "cupon": null, "discount": 0}}, {"model": "orders.order", "pk": 27, "fields": {"phone_order": "+12125552368", "first_name": "\u0432\u0430\u0441\u044f", "last_name": "", "email": "tupkin@ya.ru", "address": "", "postal_code": "", "city": "", "created": "2023-03-23T09:29:28.189", "updated": "2023-03-23T09:29:28.189", "paid": false, "order_processed": false, "card_paid": false, "cupon": null, "discount": 0}}, {"model": "orders.order", "pk": 28, "fields": {"phone_order": "+79060599756", "first_name": "\u0432\u0430\u0441\u044f", "last_name": "", "email": "valliv2007@ya.ru", "address": "", "postal_code": "", "city": "", "created": "2023-04-02T14:00:41.826", "updated": "2023-04-02T14:00:41.826", "paid": false, "order_processed": false, "card_paid": false, "cupon": null, "discount": 0}}, {"model": "orders.orderitem", "pk": 48, "fields": {"order": 28, "product": 20, "price": "1800.00", "quantity": 1}}, {"model": "orders.callback", "pk": 1, "fields": {"name": "\u0418\u043b\u044c\u044f", "phone_number": "+79060599756"}}, {"model": "orders.callback", "pk": 2, "fields": {"name": "Metallica", "phone_number": "+972533644909"}}, {"model": "orders.callback", "pk": 3, "fields": {"name": "test7", "phone_number": "+972533646394"}}, {"model": "cupons.cupon", "pk": 1, "fields": {"code": "ZXD", "valid_from": "2023-01-18T21:31:05", "valid_to": "2023-01-24T21:00:00", "discount": 20, "active": true}}, {"model": "contenttypes.contenttype", "pk": 1, "fields": {"app_label": "lenivastore", "model": "category"}}, {"model": "contenttypes.contenttype", "pk": 2, "fields": {"app_label": "lenivastore", "model": "product"}}, {"model": "contenttypes.contenttype", "pk": 3, "fields": {"app_label": "orders", "model": "order"}}, {"model": "contenttypes.contenttype", "pk": 4, "fields": {"app_label": "orders", "model": "orderitem"}}, {"model": "contenttypes.contenttype", "pk": 5, "fields": {"app_label": "ipn", "model": "paypalipn"}}, {"model": "contenttypes.contenttype", "pk": 6, "fields": {"app_label": "cupons", "model": "cupon"}}, {"model": "contenttypes.contenttype", "pk": 7, "fields": {"app_label": "users", "model": "profile"}}, {"model": "contenttypes.contenttype", "pk": 8, "fields": {"app_label": "admin", "model": "logentry"}}, {"model": "contenttypes.contenttype", "pk": 9, "fields": {"app_label": "auth", "model": "permission"}}, {"model": "contenttypes.contenttype", "pk": 10, "fields": {"app_label": "auth", "model": "group"}}, {"model": "contenttypes.contenttype", "pk": 11, "fields": {"app_label": "auth", "model": "user"}}, {"model": "contenttypes.contenttype", "pk": 12, "fields": {"app_label": "contenttypes", "model": "contenttype"}}, {"model": "contenttypes.contenttype", "pk": 13, "fields": {"app_label": "sessions", "model": "session"}}, {"model": "contenttypes.contenttype", "pk": 14, "fields": {"app_label": "lenivastore", "model": "news"}}, {"model": "contenttypes.contenttype", "pk": 15, "fields": {"app_label": "lenivastore", "model": "subcategory"}}, {"model": "contenttypes.contenttype", "pk": 16, "fields": {"app_label": "orders", "model": "callback"}}, {"model": "sessions.session", "pk": "427268autxbdbgyk49rzt4263wpk3nqy", "fields": {"session_data": "MGMyYWJmY2M3MjE5ZDVhODg3NDgwZjFjYWNmMjlhNzY5ODFlMmFmMjp7ImNhcnQiOnsiMiI6eyJxdWFudGl0eSI6MSwicHJpY2UiOiIyMDAwMC4wMCJ9fX0=", "expire_date": "2023-02-26T17:00:57.854"}}, {"model": "sessions.session", "pk": "48g1d365nrq53sqk6y17rdvzdvdh2rth", "fields": {"session_data": "NWIxMmY5OTNlNzUwNDY2YTY2Mzk2ZTNkNWVmNmJlNzljMDZjZmYxODp7ImNhcnQiOnt9fQ==", "expire_date": "2023-02-13T21:19:13.831"}}, {"model": "sessions.session", "pk": "6w4ocgr5zr1kc7lqox6vaxzyymlexyoz", "fields": {"session_data": "YTI0YWZlNmY0ODBjYjNhMmE0YjNjYzU1YjczYTk2ZWI2YTkxMDg0ZDp7Il9hdXRoX3VzZXJfaWQiOiIxIiwiX2F1dGhfdXNlcl9iYWNrZW5kIjoiZGphbmdvLmNvbnRyaWIuYXV0aC5iYWNrZW5kcy5Nb2RlbEJhY2tlbmQiLCJfYXV0aF91c2VyX2hhc2giOiI2NmVjNmMwNmVkNDg5ODdhYjUyNjY4NTE2ODZlYTdkZTBjYWU0ZDk0Iiwib3JkZXJfaWQiOjI4LCJjYXJ0Ijp7fX0=", "expire_date": "2023-04-19T09:27:44.093"}}, {"model": "sessions.session", "pk": "761y6uimhfg893o57vqjaijraiu6vrr8", "fields": {"session_data": "ODYxOTBmNTk1NmE5ZWNiNWIyNjI4NmU2NDA1ODkxOWE4MGJkMTA4Zjp7ImNhcnQiOnsiMiI6eyJxdWFudGl0eSI6MSwicHJpY2UiOiIyMDAwMC4wMCJ9LCIxIjp7InF1YW50aXR5IjoxLCJwcmljZSI6IjEwMC4wMCJ9LCI1Ijp7InF1YW50aXR5IjoxLCJwcmljZSI6IjIwMDAuMDAifX19", "expire_date": "2023-02-21T18:52:05.625"}}, {"model": "sessions.session", "pk": "7fouhhpdpilmav50nc3rfzwxv1g2hmsk", "fields": {"session_data": "NWIxMmY5OTNlNzUwNDY2YTY2Mzk2ZTNkNWVmNmJlNzljMDZjZmYxODp7ImNhcnQiOnt9fQ==", "expire_date": "2023-02-12T03:10:44.974"}}, {"model": "sessions.session", "pk": "8bdjykmfcs8ar3ueqz8mdknwvk6fgbi0", "fields": {"session_data": "ODQyZWRkMTE1YTVmYzgxMWRiNDZkZThjNzZiNzRjODNmZDlmYmZkMzp7ImNhcnQiOnsiMSI6eyJxdWFudGl0eSI6MiwicHJpY2UiOiIxMDAuMDAifSwiNiI6eyJxdWFudGl0eSI6MSwicHJpY2UiOiIxMjM0LjAwIn0sIjIiOnsicXVhbnRpdHkiOjIsInByaWNlIjoiMjAwMDAuMDAifSwiNCI6eyJxdWFudGl0eSI6MiwicHJpY2UiOiIyMDAwLjAwIn19fQ==", "expire_date": "2023-02-21T19:04:17.537"}}, {"model": "sessions.session", "pk": "9j6mzp7wfks6nypr8gcvdj93wuckc0k8", "fields": {"session_data": "NWIxMmY5OTNlNzUwNDY2YTY2Mzk2ZTNkNWVmNmJlNzljMDZjZmYxODp7ImNhcnQiOnt9fQ==", "expire_date": "2023-02-12T02:23:24.184"}}, {"model": "sessions.session", "pk": "c7pbokoijlqa4s6islmnqlqpdtcrkor2", "fields": {"session_data": "ODRiMmU3OWE5MDNlYjdkM2RjZTJlZGIyZWM4ZTM1YjM5NTU4ZTc2ODp7ImNhcnQiOnsiMiI6eyJxdWFudGl0eSI6MiwicHJpY2UiOiIyMDAwMC4wMCJ9LCI5Ijp7InF1YW50aXR5IjoxOSwicHJpY2UiOiIxNTAwLjAwIn0sIjYiOnsicXVhbnRpdHkiOjEsInByaWNlIjoiMTgwMDAwLjAwIn0sIjUiOnsicXVhbnRpdHkiOjIsInByaWNlIjoiMTQwMDAuMDAifX19", "expire_date": "2023-03-06T18:29:43.111"}}, {"model": "sessions.session", "pk": "gb0kvigvu9iqd027gzdv158os57akfoy", "fields": {"session_data": "YTYzYzhmMmU5OTFjMDBlMzIwNGNmNmRlODE2MDk0YWQ4N2Q0MjM0Zjp7ImNhcnQiOnsiMiI6eyJxdWFudGl0eSI6MSwicHJpY2UiOiIyMDAwMC4wMCJ9LCI3Ijp7InF1YW50aXR5IjoxLCJwcmljZSI6IjEyMzQuMDAifX0sIl9hdXRoX3VzZXJfaWQiOiIxIiwiX2F1dGhfdXNlcl9iYWNrZW5kIjoiZGphbmdvLmNvbnRyaWIuYXV0aC5iYWNrZW5kcy5Nb2RlbEJhY2tlbmQiLCJfYXV0aF91c2VyX2hhc2giOiI2NmVjNmMwNmVkNDg5ODdhYjUyNjY4NTE2ODZlYTdkZTBjYWU0ZDk0In0=", "expire_date": "2023-02-21T18:53:50.812"}}, {"model": "sessions.session", "pk": "h1jjfwuy697qiaj3uzm49zj7rv7gt2vb", "fields": {"session_data": "NWIxMmY5OTNlNzUwNDY2YTY2Mzk2ZTNkNWVmNmJlNzljMDZjZmYxODp7ImNhcnQiOnt9fQ==", "expire_date": "2023-02-12T03:19:14.802"}}, {"model": "sessions.session", "pk": "ha8275tli3otmqufl1tkyn72xib5iszh", "fields": {"session_data": "NWIxMmY5OTNlNzUwNDY2YTY2Mzk2ZTNkNWVmNmJlNzljMDZjZmYxODp7ImNhcnQiOnt9fQ==", "expire_date": "2023-02-12T01:51:14.288"}}, {"model": "sessions.session", "pk": "m1l2imahunc0piomzpo78ft5q8tlhxn0", "fields": {"session_data": "NWIxMmY5OTNlNzUwNDY2YTY2Mzk2ZTNkNWVmNmJlNzljMDZjZmYxODp7ImNhcnQiOnt9fQ==", "expire_date": "2023-02-12T02:04:56.874"}}, {"model": "sessions.session", "pk": "mrr6uo0690xmdcgoi52g917bkcrn4omi", "fields": {"session_data": "ZDRkMmQ2N2RhMmZhMGMxNGYzZjNjZmMyOTZiMDkwYTU2YjU2N2MzNjp7ImNhcnQiOnsiMSI6eyJxdWFudGl0eSI6MiwicHJpY2UiOiIxMDAuMDAifSwiNiI6eyJxdWFudGl0eSI6MSwicHJpY2UiOiIxMjM0LjAwIn0sIjIiOnsicXVhbnRpdHkiOjMsInByaWNlIjoiMjAwMDAuMDAifSwiNCI6eyJxdWFudGl0eSI6MiwicHJpY2UiOiIyMDAwLjAwIn19LCJfYXV0aF91c2VyX2lkIjoiMSIsIl9hdXRoX3VzZXJfYmFja2VuZCI6ImRqYW5nby5jb250cmliLmF1dGguYmFja2VuZHMuTW9kZWxCYWNrZW5kIiwiX2F1dGhfdXNlcl9oYXNoIjoiNjZlYzZjMDZlZDQ4OTg3YWI1MjY2ODUxNjg2ZWE3ZGUwY2FlNGQ5NCJ9", "expire_date": "2023-02-21T22:16:06.771"}}, {"model": "sessions.session", "pk": "mullzqh8uq31pjzqmwhwido6de4fbhrh", "fields": {"session_data": "NWIxMmY5OTNlNzUwNDY2YTY2Mzk2ZTNkNWVmNmJlNzljMDZjZmYxODp7ImNhcnQiOnt9fQ==", "expire_date": "2023-02-21T18:44:02.485"}}, {"model": "sessions.session", "pk": "qfc9ayjyiz60eoiuh94xwzgs1m3zpy9g", "fields": {"session_data": "YmMyNzljNTQxY2U4OWNmMzQxM2VlMjYxYWJiMDIwMzY2NGJhZTA5ZDp7Im9yZGVyX2lkIjozNSwiX2F1dGhfdXNlcl9pZCI6IjEiLCJfYXV0aF91c2VyX2JhY2tlbmQiOiJkamFuZ28uY29udHJpYi5hdXRoLmJhY2tlbmRzLk1vZGVsQmFja2VuZCIsIl9hdXRoX3VzZXJfaGFzaCI6IjY2ZWM2YzA2ZWQ0ODk4N2FiNTI2Njg1MTY4NmVhN2RlMGNhZTRkOTQiLCJjYXJ0Ijp7fX0=", "expire_date": "2023-02-22T00:31:41.830"}}, {"model": "sessions.session", "pk": "rd0j021vkfy4javyfuqsz14pye3f8rv9", "fields": {"session_data": "OGFhZWFiNTk0MmUwYWVmZmRmNTdkMjRjZWVlZDdjODNlNDUyZDVjZjp7Il9hdXRoX3VzZXJfaWQiOiIxIiwiX2F1dGhfdXNlcl9iYWNrZW5kIjoiZGphbmdvLmNvbnRyaWIuYXV0aC5iYWNrZW5kcy5Nb2RlbEJhY2tlbmQiLCJfYXV0aF91c2VyX2hhc2giOiI2NmVjNmMwNmVkNDg5ODdhYjUyNjY4NTE2ODZlYTdkZTBjYWU0ZDk0Iiwib3JkZXJfaWQiOjcsImNhcnQiOnsiMSI6eyJxdWFudGl0eSI6MSwicHJpY2UiOiIxMDAuMDAifX19", "expire_date": "2023-02-06T09:30:26.834"}}, {"model": "sessions.session", "pk": "trmqfqf8lnvyn9aqamc8flxdsmlht8wp", "fields": {"session_data": "ZjhlZWI5NTBhYWM2MmNjZThmYWIzZDgyM2NhNTk1ZWFmOTUyMTE0Yjp7ImNhcnQiOnsiNCI6eyJxdWFudGl0eSI6MSwicHJpY2UiOiIyMDAwLjAwIn0sIjUiOnsicXVhbnRpdHkiOjEsInByaWNlIjoiMTQwMDAuMDAifSwiNiI6eyJxdWFudGl0eSI6MSwicHJpY2UiOiIxODAwMDAuMDAifSwiOSI6eyJxdWFudGl0eSI6MSwicHJpY2UiOiIxNTAwLjAwIn0sIjIiOnsicXVhbnRpdHkiOjEsInByaWNlIjoiMjAwMDAuMDAifX19", "expire_date": "2023-02-23T00:28:20.388"}}, {"model": "sessions.session", "pk": "xa1bnv7csvatxvzbdmnlg0axfrqur7a3", "fields": {"session_data": "Mzk3NzcyMGVkMGNkZGMxMGM2YzgwM2I5NjUwZmVkZThmYTU0ZmM5ODp7ImNhcnQiOnt9LCJfYXV0aF91c2VyX2lkIjoiMSIsIl9hdXRoX3VzZXJfYmFja2VuZCI6ImRqYW5nby5jb250cmliLmF1dGguYmFja2VuZHMuTW9kZWxCYWNrZW5kIiwiX2F1dGhfdXNlcl9oYXNoIjoiNjZlYzZjMDZlZDQ4OTg3YWI1MjY2ODUxNjg2ZWE3ZGUwY2FlNGQ5NCJ9", "expire_date": "2023-02-22T00:27:51.212"}}, {"model": "sessions.session", "pk": "yk3tlcpo29p9z6oj72mfnlef39ohbzqu", "fields": {"session_data": "MmIyNjM1ODYyM2YzNTAzZDA4ODAzYTE4Mjc4OTY1YjVlMDQwN2JjZTp7ImNhcnQiOnsiNSI6eyJxdWFudGl0eSI6MSwicHJpY2UiOiIxNDAwMC4wMCJ9fX0=", "expire_date": "2023-02-23T20:40:33.495"}}, {"model": "auth.permission", "pk": 1, "fields": {"name": "Can add \u041a\u0430\u0442\u0435\u0433\u043e\u0440\u0438\u044f", "content_type": 1, "codename": "add_category"}}, {"model": "auth.permission", "pk": 2, "fields": {"name": "Can change \u041a\u0430\u0442\u0435\u0433\u043e\u0440\u0438\u044f", "content_type": 1, "codename": "change_category"}}, {"model": "auth.permission", "pk": 3, "fields": {"name": "Can delete \u041a\u0430\u0442\u0435\u0433\u043e\u0440\u0438\u044f", "content_type": 1, "codename": "delete_category"}}, {"model": "auth.permission", "pk": 4, "fields": {"name": "Can view \u041a\u0430\u0442\u0435\u0433\u043e\u0440\u0438\u044f", "content_type": 1, "codename": "view_category"}}, {"model": "auth.permission", "pk": 5, "fields": {"name": "Can add \u041f\u0440\u043e\u0434\u0443\u043a\u0442", "content_type": 2, "codename": "add_product"}}, {"model": "auth.permission", "pk": 6, "fields": {"name": "Can change \u041f\u0440\u043e\u0434\u0443\u043a\u0442", "content_type": 2, "codename": "change_product"}}, {"model": "auth.permission", "pk": 7, "fields": {"name": "Can delete \u041f\u0440\u043e\u0434\u0443\u043a\u0442", "content_type": 2, "codename": "delete_product"}}, {"model": "auth.permission", "pk": 8, "fields": {"name": "Can view \u041f\u0440\u043e\u0434\u0443\u043a\u0442", "content_type": 2, "codename": "view_product"}}, {"model": "auth.permission", "pk": 9, "fields": {"name": "Can add \u0417\u0430\u043a\u0430\u0437", "content_type": 3, "codename": "add_order"}}, {"model": "auth.permission", "pk": 10, "fields": {"name": "Can change \u0417\u0430\u043a\u0430\u0437", "content_type": 3, "codename": "change_order"}}, {"model": "auth.permission", "pk": 11, "fields": {"name": "Can delete \u0417\u0430\u043a\u0430\u0437", "content_type": 3, "codename": "delete_order"}}, {"model": "auth.permission", "pk": 12, "fields": {"name": "Can view \u0417\u0430\u043a\u0430\u0437", "content_type": 3, "codename": "view_order"}}, {"model": "auth.permission", "pk": 13, "fields": {"name": "Can add order item", "content_type": 4, "codename": "add_orderitem"}}, {"model": "auth.permission", "pk": 14, "fields": {"name": "Can change order item", "content_type": 4, "codename": "change_orderitem"}}, {"model": "auth.permission", "pk": 15, "fields": {"name": "Can delete order item", "content_type": 4, "codename": "delete_orderitem"}}, {"model": "auth.permission", "pk": 16, "fields": {"name": "Can view order item", "content_type": 4, "codename": "view_orderitem"}}, {"model": "auth.permission", "pk": 17, "fields": {"name": "Can add PayPal IPN", "content_type": 5, "codename": "add_paypalipn"}}, {"model": "auth.permission", "pk": 18, "fields": {"name": "Can change PayPal IPN", "content_type": 5, "codename": "change_paypalipn"}}, {"model": "auth.permission", "pk": 19, "fields": {"name": "Can delete PayPal IPN", "content_type": 5, "codename": "delete_paypalipn"}}, {"model": "auth.permission", "pk": 20, "fields": {"name": "Can view PayPal IPN", "content_type": 5, "codename": "view_paypalipn"}}, {"model": "auth.permission", "pk": 21, "fields": {"name": "Can add \u041a\u0443\u043f\u043e\u043d", "content_type": 6, "codename": "add_cupon"}}, {"model": "auth.permission", "pk": 22, "fields": {"name": "Can change \u041a\u0443\u043f\u043e\u043d", "content_type": 6, "codename": "change_cupon"}}, {"model": "auth.permission", "pk": 23, "fields": {"name": "Can delete \u041a\u0443\u043f\u043e\u043d", "content_type": 6, "codename": "delete_cupon"}}, {"model": "auth.permission", "pk": 24, "fields": {"name": "Can view \u041a\u0443\u043f\u043e\u043d", "content_type": 6, "codename": "view_cupon"}}, {"model": "auth.permission", "pk": 25, "fields": {"name": "Can add \u041f\u0440\u043e\u0444\u0438\u043b\u044c", "content_type": 7, "codename": "add_profile"}}, {"model": "auth.permission", "pk": 26, "fields": {"name": "Can change \u041f\u0440\u043e\u0444\u0438\u043b\u044c", "content_type": 7, "codename": "change_profile"}}, {"model": "auth.permission", "pk": 27, "fields": {"name": "Can delete \u041f\u0440\u043e\u0444\u0438\u043b\u044c", "content_type": 7, "codename": "delete_profile"}}, {"model": "auth.permission", "pk": 28, "fields": {"name": "Can view \u041f\u0440\u043e\u0444\u0438\u043b\u044c", "content_type": 7, "codename": "view_profile"}}, {"model": "auth.permission", "pk": 29, "fields": {"name": "Can add log entry", "content_type": 8, "codename": "add_logentry"}}, {"model": "auth.permission", "pk": 30, "fields": {"name": "Can change log entry", "content_type": 8, "codename": "change_logentry"}}, {"model": "auth.permission", "pk": 31, "fields": {"name": "Can delete log entry", "content_type": 8, "codename": "delete_logentry"}}, {"model": "auth.permission", "pk": 32, "fields": {"name": "Can view log entry", "content_type": 8, "codename": "view_logentry"}}, {"model": "auth.permission", "pk": 33, "fields": {"name": "Can add permission", "content_type": 9, "codename": "add_permission"}}, {"model": "auth.permission", "pk": 34, "fields": {"name": "Can change permission", "content_type": 9, "codename": "change_permission"}}, {"model": "auth.permission", "pk": 35, "fields": {"name": "Can delete permission", "content_type": 9, "codename": "delete_permission"}}, {"model": "auth.permission", "pk": 36, "fields": {"name": "Can view permission", "content_type": 9, "codename": "view_permission"}}, {"model": "auth.permission", "pk": 37, "fields": {"name": "Can add group", "content_type": 10, "codename": "add_group"}}, {"model": "auth.permission", "pk": 38, "fields": {"name": "Can change group", "content_type": 10, "codename": "change_group"}}, {"model": "auth.permission", "pk": 39, "fields": {"name": "Can delete group", "content_type": 10, "codename": "delete_group"}}, {"model": "auth.permission", "pk": 40, "fields": {"name": "Can view group", "content_type": 10, "codename": "view_group"}}, {"model": "auth.permission", "pk": 41, "fields": {"name": "Can add user", "content_type": 11, "codename": "add_user"}}, {"model": "auth.permission", "pk": 42, "fields": {"name": "Can change user", "content_type": 11, "codename": "change_user"}}, {"model": "auth.permission", "pk": 43, "fields": {"name": "Can delete user", "content_type": 11, "codename": "delete_user"}}, {"model": "auth.permission", "pk": 44, "fields": {"name": "Can view user", "content_type": 11, "codename": "view_user"}}, {"model": "auth.permission", "pk": 45, "fields": {"name": "Can add content type", "content_type": 12, "codename": "add_contenttype"}}, {"model": "auth.permission", "pk": 46, "fields": {"name": "Can change content type", "content_type": 12, "codename": "change_contenttype"}}, {"model": "auth.permission", "pk": 47, "fields": {"name": "Can delete content type", "content_type": 12, "codename": "delete_contenttype"}}, {"model": "auth.permission", "pk": 48, "fields": {"name": "Can view content type", "content_type": 12, "codename": "view_contenttype"}}, {"model": "auth.permission", "pk": 49, "fields": {"name": "Can add session", "content_type": 13, "codename": "add_session"}}, {"model": "auth.permission", "pk": 50, "fields": {"name": "Can change session", "content_type": 13, "codename": "change_session"}}, {"model": "auth.permission", "pk": 51, "fields": {"name": "Can delete session", "content_type": 13, "codename": "delete_session"}}, {"model": "auth.permission", "pk": 52, "fields": {"name": "Can view session", "content_type": 13, "codename": "view_session"}}, {"model": "auth.permission", "pk": 53, "fields": {"name": "Can add \u041d\u043e\u0432\u043e\u0441\u0442\u044c", "content_type": 14, "codename": "add_news"}}, {"model": "auth.permission", "pk": 54, "fields": {"name": "Can change \u041d\u043e\u0432\u043e\u0441\u0442\u044c", "content_type": 14, "codename": "change_news"}}, {"model": "auth.permission", "pk": 55, "fields": {"name": "Can delete \u041d\u043e\u0432\u043e\u0441\u0442\u044c", "content_type": 14, "codename": "delete_news"}}, {"model": "auth.permission", "pk": 56, "fields": {"name": "Can view \u041d\u043e\u0432\u043e\u0441\u0442\u044c", "content_type": 14, "codename": "view_news"}}, {"model": "auth.permission", "pk": 57, "fields": {"name": "Can add \u041f\u043e\u0434\u043a\u0430\u0442\u0435\u0433\u043e\u0440\u0438\u044f", "content_type": 15, "codename": "add_subcategory"}}, {"model": "auth.permission", "pk": 58, "fields": {"name": "Can change \u041f\u043e\u0434\u043a\u0430\u0442\u0435\u0433\u043e\u0440\u0438\u044f", "content_type": 15, "codename": "change_subcategory"}}, {"model": "auth.permission", "pk": 59, "fields": {"name": "Can delete \u041f\u043e\u0434\u043a\u0430\u0442\u0435\u0433\u043e\u0440\u0438\u044f", "content_type": 15, "codename": "delete_subcategory"}}, {"model": "auth.permission", "pk": 60, "fields": {"name": "Can view \u041f\u043e\u0434\u043a\u0430\u0442\u0435\u0433\u043e\u0440\u0438\u044f", "content_type": 15, "codename": "view_subcategory"}}, {"model": "auth.permission", "pk": 61, "fields": {"name": "Can add \u041e\u0431\u0440\u0430\u0442\u043d\u044b\u0439 \u0437\u0432\u043e\u043d\u043e\u043a", "content_type": 16, "codename": "add_callback"}}, {"model": "auth.permission", "pk": 62, "fields": {"name": "Can change \u041e\u0431\u0440\u0430\u0442\u043d\u044b\u0439 \u0437\u0432\u043e\u043d\u043e\u043a", "content_type": 16, "codename": "change_callback"}}, {"model": "auth.permission", "pk": 63, "fields": {"name": "Can delete \u041e\u0431\u0440\u0430\u0442\u043d\u044b\u0439 \u0437\u0432\u043e\u043d\u043e\u043a", "content_type": 16, "codename": "delete_callback"}}, {"model": "auth.permission", "pk": 64, "fields": {"name": "Can view \u041e\u0431\u0440\u0430\u0442\u043d\u044b\u0439 \u0437\u0432\u043e\u043d\u043e\u043a", "content_type": 16, "codename": "view_callback"}}, {"model": "auth.user", "pk": 1, "fields": {"password": "pbkdf2_sha256$150000$xehR0ELWsjZi$g/Pgut8ChQXfLKXZFpOiAqxoaMMXGh9mA94+CNE+8Xk=", "last_login": "2023-03-26T10:01:24.326", "is_superuser": true, "username": "valliv", "first_name": "", "last_name": "", "email": "valliv2007@ya.ru", "is_staff": true, "is_active": true, "date_joined": "2023-01-20T21:12:00.862", "groups": [], "user_permissions": []}}, {"model": "auth.user", "pk": 2, "fields": {"password": "pbkdf2_sha256$150000$LAqwjA8MvCrK$c/HZa9O0LukBPYBZMZGLg91ahyjSMvS+gb94sgk0flc=", "last_login": "2023-01-20T21:20:39.556", "is_superuser": false, "username": "pupkin", "first_name": "\u0432\u0430\u0441\u044f", "last_name": "\u043f\u0443\u043f\u043a\u0438\u043d", "email": "tupkin@ya.ru", "is_staff": false, "is_active": true, "date_joined": "2023-01-20T21:20:32.627", "groups": [], "user_permissions": []}}, {"model": "admin.logentry", "pk": 1, "fields": {"action_time": "2023-01-20T21:12:33.738", "user": 1, "content_type": 1, "object_id": "1", "object_repr": "books", "action_flag": 1, "change_message": "[{\"added\": {}}]"}}, {"model": "admin.logentry", "pk": 2, "fields": {"action_time": "2023-01-20T21:12:40.450", "user": 1, "content_type": 1, "object_id": "2", "object_repr": "cd", "action_flag": 1, "change_message": "[{\"added\": {}}]"}}, {"model": "admin.logentry", "pk": 3, "fields": {"action_time": "2023-01-20T21:12:55.629", "user": 1, "content_type": 1, "object_id": "3", "object_repr": "pen", "action_flag": 1, "change_message": "[{\"added\": {}}]"}}, {"model": "admin.logentry", "pk": 4, "fields": {"action_time": "2023-01-20T21:13:20.913", "user": 1, "content_type": 2, "object_id": "1", "object_repr": "\u0412\u043b\u0430\u0441\u0442\u0435\u043b\u0438\u043d \u043a\u043e\u043b\u0435\u0446", "action_flag": 1, "change_message": "[{\"added\": {}}]"}}, {"model": "admin.logentry", "pk": 5, "fields": {"action_time": "2023-01-20T21:13:45.279", "user": 1, "content_type": 2, "object_id": "2", "object_repr": "Metallica", "action_flag": 1, "change_message": "[{\"added\": {}}]"}}, {"model": "admin.logentry", "pk": 6, "fields": {"action_time": "2023-01-20T21:14:11.401", "user": 1, "content_type": 2, "object_id": "3", "object_repr": "blue", "action_flag": 1, "change_message": "[{\"added\": {}}]"}}, {"model": "admin.logentry", "pk": 7, "fields": {"action_time": "2023-01-20T21:15:31.373", "user": 1, "content_type": 2, "object_id": "2", "object_repr": "Metallica", "action_flag": 2, "change_message": "[{\"changed\": {\"fields\": [\"image\"]}}]"}}, {"model": "admin.logentry", "pk": 8, "fields": {"action_time": "2023-01-20T21:25:18.709", "user": 1, "content_type": 3, "object_id": "1", "object_repr": "\u0417\u0430\u043a\u0430\u0437: 1", "action_flag": 1, "change_message": "[{\"added\": {}}, {\"added\": {\"name\": \"order item\", \"object\": \"1\"}}]"}}, {"model": "admin.logentry", "pk": 9, "fields": {"action_time": "2023-01-20T21:28:05.839", "user": 1, "content_type": 3, "object_id": "3", "object_repr": "\u0417\u0430\u043a\u0430\u0437: 3", "action_flag": 2, "change_message": "[{\"changed\": {\"fields\": [\"paid\"]}}]"}}, {"model": "admin.logentry", "pk": 10, "fields": {"action_time": "2023-01-20T21:28:21.318", "user": 1, "content_type": 3, "object_id": "3", "object_repr": "\u0417\u0430\u043a\u0430\u0437: 3", "action_flag": 2, "change_message": "[{\"changed\": {\"fields\": [\"order_processed\", \"card_paid\"]}}]"}}, {"model": "admin.logentry", "pk": 11, "fields": {"action_time": "2023-01-20T21:29:16.870", "user": 1, "content_type": 3, "object_id": "2", "object_repr": "\u0417\u0430\u043a\u0430\u0437: 2", "action_flag": 2, "change_message": "[{\"changed\": {\"fields\": [\"discount\"]}}]"}}, {"model": "admin.logentry", "pk": 12, "fields": {"action_time": "2023-01-20T21:31:19.423", "user": 1, "content_type": 6, "object_id": "1", "object_repr": "ZXD", "action_flag": 1, "change_message": "[{\"added\": {}}]"}}, {"model": "admin.logentry", "pk": 13, "fields": {"action_time": "2023-01-20T21:31:28.015", "user": 1, "content_type": 6, "object_id": "1", "object_repr": "ZXD", "action_flag": 2, "change_message": "[{\"changed\": {\"fields\": [\"active\"]}}]"}}, {"model": "admin.logentry", "pk": 14, "fields": {"action_time": "2023-01-20T21:32:36.652", "user": 1, "content_type": 2, "object_id": "3", "object_repr": "blue", "action_flag": 2, "change_message": "[{\"changed\": {\"fields\": [\"image\"]}}]"}}, {"model": "admin.logentry", "pk": 15, "fields": {"action_time": "2023-01-20T21:34:22.444", "user": 1, "content_type": 2, "object_id": "3", "object_repr": "blue", "action_flag": 2, "change_message": "[{\"changed\": {\"fields\": [\"available\"]}}]"}}, {"model": "admin.logentry", "pk": 16, "fields": {"action_time": "2023-01-23T22:19:09.349", "user": 1, "content_type": 2, "object_id": "3", "object_repr": "blue", "action_flag": 2, "change_message": "[{\"changed\": {\"fields\": [\"available\"]}}]"}}, {"model": "admin.logentry", "pk": 17, "fields": {"action_time": "2023-01-26T15:29:15.898", "user": 1, "content_type": 2, "object_id": "2", "object_repr": "1C 8.0", "action_flag": 2, "change_message": "[{\"changed\": {\"fields\": [\"name\", \"slug\", \"price\"]}}]"}}, {"model": "admin.logentry", "pk": 18, "fields": {"action_time": "2023-01-26T15:29:30.838", "user": 1, "content_type": 2, "object_id": "2", "object_repr": "1C 8.0", "action_flag": 2, "change_message": "[]"}}, {"model": "admin.logentry", "pk": 19, "fields": {"action_time": "2023-01-26T15:29:53.919", "user": 1, "content_type": 2, "object_id": "2", "object_repr": "1C 8.0", "action_flag": 2, "change_message": "[{\"changed\": {\"fields\": [\"image\"]}}]"}}, {"model": "admin.logentry", "pk": 20, "fields": {"action_time": "2023-02-06T14:41:47.320", "user": 1, "content_type": 2, "object_id": "2", "object_repr": "1C 8.0", "action_flag": 2, "change_message": "[{\"changed\": {\"fields\": [\"description\"]}}]"}}, {"model": "admin.logentry", "pk": 21, "fields": {"action_time": "2023-02-06T16:27:36.473", "user": 1, "content_type": 2, "object_id": "2", "object_repr": "test", "action_flag": 2, "change_message": "[{\"changed\": {\"fields\": [\"category\", \"name\", \"slug\", \"description\", \"features\"]}}]"}}, {"model": "admin.logentry", "pk": 22, "fields": {"action_time": "2023-02-06T17:12:29.216", "user": 1, "content_type": 2, "object_id": "2", "object_repr": "test", "action_flag": 2, "change_message": "[{\"changed\": {\"fields\": [\"description\"]}}]"}}, {"model": "admin.logentry", "pk": 23, "fields": {"action_time": "2023-02-06T17:50:16.802", "user": 1, "content_type": 2, "object_id": "3", "object_repr": "blue", "action_flag": 2, "change_message": "[{\"changed\": {\"fields\": [\"image\"]}}]"}}, {"model": "admin.logentry", "pk": 24, "fields": {"action_time": "2023-02-06T18:35:12.071", "user": 1, "content_type": 1, "object_id": "4", "object_repr": "\u041e\u0431\u043e\u0440\u0443\u0434\u043e\u0432\u0430\u043d\u0438\u0435", "action_flag": 1, "change_message": "[{\"added\": {}}]"}}, {"model": "admin.logentry", "pk": 25, "fields": {"action_time": "2023-02-06T18:35:19.550", "user": 1, "content_type": 1, "object_id": "5", "object_repr": "\u0423\u0441\u043b\u0443\u0433\u0438", "action_flag": 1, "change_message": "[{\"added\": {}}]"}}, {"model": "admin.logentry", "pk": 26, "fields": {"action_time": "2023-02-06T18:36:18.589", "user": 1, "content_type": 2, "object_id": "2", "object_repr": "test", "action_flag": 2, "change_message": "[{\"changed\": {\"fields\": [\"category\"]}}]"}}, {"model": "admin.logentry", "pk": 27, "fields": {"action_time": "2023-02-06T18:37:14.711", "user": 1, "content_type": 2, "object_id": "1", "object_repr": "\u0412\u043b\u0430\u0441\u0442\u0435\u043b\u0438\u043d \u043a\u043e\u043b\u0435\u0446", "action_flag": 2, "change_message": "[{\"changed\": {\"fields\": [\"category\", \"description\", \"features\", \"image\"]}}]"}}, {"model": "admin.logentry", "pk": 28, "fields": {"action_time": "2023-02-06T20:01:33.897", "user": 1, "content_type": 2, "object_id": "4", "object_repr": "\u041a\u0430\u0441\u0441\u0430", "action_flag": 1, "change_message": "[{\"added\": {}}]"}}, {"model": "admin.logentry", "pk": 29, "fields": {"action_time": "2023-02-06T20:06:25.564", "user": 1, "content_type": 2, "object_id": "5", "object_repr": "\u041a\u0430\u0441\u0441\u0430 123", "action_flag": 1, "change_message": "[{\"added\": {}}]"}}, {"model": "admin.logentry", "pk": 30, "fields": {"action_time": "2023-02-06T20:07:08.962", "user": 1, "content_type": 2, "object_id": "6", "object_repr": "\u043a\u0430\u0441\u0441\u0430 234", "action_flag": 1, "change_message": "[{\"added\": {}}]"}}, {"model": "admin.logentry", "pk": 31, "fields": {"action_time": "2023-02-06T20:34:20.059", "user": 1, "content_type": 2, "object_id": "7", "object_repr": "c1", "action_flag": 1, "change_message": "[{\"added\": {}}]"}}, {"model": "admin.logentry", "pk": 32, "fields": {"action_time": "2023-02-07T18:23:09.506", "user": 1, "content_type": 2, "object_id": "6", "object_repr": "\u043a\u0430\u0441\u0441\u0430 234", "action_flag": 2, "change_message": "[{\"changed\": {\"fields\": [\"image\"]}}]"}}, {"model": "admin.logentry", "pk": 33, "fields": {"action_time": "2023-02-07T18:23:59.701", "user": 1, "content_type": 2, "object_id": "5", "object_repr": "\u041a\u0430\u0441\u0441\u0430 123", "action_flag": 2, "change_message": "[{\"changed\": {\"fields\": [\"image\"]}}]"}}, {"model": "admin.logentry", "pk": 34, "fields": {"action_time": "2023-02-07T18:24:45.831", "user": 1, "content_type": 2, "object_id": "4", "object_repr": "\u041a\u0430\u0441\u0441\u0430", "action_flag": 2, "change_message": "[{\"changed\": {\"fields\": [\"image\"]}}]"}}, {"model": "admin.logentry", "pk": 35, "fields": {"action_time": "2023-02-07T18:55:05.630", "user": 1, "content_type": 2, "object_id": "7", "object_repr": "c1", "action_flag": 3, "change_message": ""}}, {"model": "admin.logentry", "pk": 36, "fields": {"action_time": "2023-02-07T21:01:15.914", "user": 1, "content_type": 2, "object_id": "1", "object_repr": "\u0412\u043b\u0430\u0441\u0442\u0435\u043b\u0438\u043d \u043a\u043e\u043b\u0435\u0446", "action_flag": 2, "change_message": "[{\"changed\": {\"fields\": [\"description\", \"features\"]}}]"}}, {"model": "admin.logentry", "pk": 37, "fields": {"action_time": "2023-02-07T21:13:30.065", "user": 1, "content_type": 2, "object_id": "8", "object_repr": "test-product", "action_flag": 1, "change_message": "[{\"added\": {}}]"}}, {"model": "admin.logentry", "pk": 38, "fields": {"action_time": "2023-02-07T22:18:08.088", "user": 1, "content_type": 14, "object_id": "1", "object_repr": "\u041e \u043f\u0440\u0435\u043a\u0440\u0430\u0449\u0435\u043d\u0438\u0438 \u043f\u0440\u0438\u043c\u0435\u043d\u0435\u043d\u0438\u044f \u0441 01.01.2023 \u0423\u0421\u041d \u043f\u0440\u0438 \u043f\u0440\u043e\u0438\u0437\u0432\u043e\u0434\u0441\u0442\u0432\u0435 \u044e\u0432\u0435\u043b\u0438\u0440\u043d\u044b\u0445 \u0438 \u0434\u0440\u0443\u0433\u0438\u0445 \u0438\u0437\u0434\u0435\u043b\u0438\u0439 \u0438\u0437 \u0434\u0440\u0430\u0433\u043e\u0446\u0435\u043d\u043d\u044b\u0445", "action_flag": 1, "change_message": "[{\"added\": {}}]"}}, {"model": "admin.logentry", "pk": 39, "fields": {"action_time": "2023-02-07T22:25:01.820", "user": 1, "content_type": 14, "object_id": "2", "object_repr": "\u041e\u043f\u0435\u0440\u0430\u0446\u0438\u0438 \u0441 \u043f\u0440\u043e\u0441\u043b\u0435\u0436\u0438\u0432\u0430\u0435\u043c\u044b\u043c\u0438 \u0442\u043e\u0432\u0430\u0440\u0430\u043c\u0438 \u0442\u0435\u043f\u0435\u0440\u044c \u043e\u0442\u0440\u0430\u0436\u0430\u044e\u0442\u0441\u044f \u0432 \u0440\u0435\u0436\u0438\u043c\u0435 \u0440\u0435\u0430\u043b\u044c\u043d\u043e\u0433\u043e \u0432\u0440\u0435\u043c\u0435\u043d\u0438", "action_flag": 1, "change_message": "[{\"added\": {}}]"}}, {"model": "admin.logentry", "pk": 40, "fields": {"action_time": "2023-02-07T22:27:11.392", "user": 1, "content_type": 14, "object_id": "3", "object_repr": "\u041e\u0441\u043e\u0431\u0435\u043d\u043d\u043e\u0441\u0442\u0438 \u043f\u0440\u0438\u043c\u0435\u043d\u0435\u043d\u0438\u044f \u0430\u0432\u0442\u043e\u0423\u0421\u041d \u0440\u0430\u0437\u044a\u044f\u0441\u043d\u0438\u0442 \u043d\u0430 \u0432\u0435\u0431\u0438\u043d\u0430\u0440\u0435 \u0441\u043f\u0435\u0446\u0438\u0430\u043b\u0438\u0441\u0442 \u0424\u041d\u0421 \u0420\u043e\u0441\u0441\u0438\u0438", "action_flag": 1, "change_message": "[{\"added\": {}}]"}}, {"model": "admin.logentry", "pk": 41, "fields": {"action_time": "2023-02-08T00:05:29.793", "user": 1, "content_type": 2, "object_id": "2", "object_repr": "\u041c\u0430\u0440\u043a\u0438\u0440\u043e\u0432\u043a\u0430 \u0442\u043e\u0432\u0430\u0440\u043e\u0432 \"\u043f\u043e\u0434 \u043a\u043b\u044e\u0447\"", "action_flag": 2, "change_message": "[{\"changed\": {\"fields\": [\"name\", \"description\", \"features\", \"stock\", \"image\"]}}]"}}, {"model": "admin.logentry", "pk": 42, "fields": {"action_time": "2023-02-08T00:07:08.054", "user": 1, "content_type": 2, "object_id": "3", "object_repr": "blue", "action_flag": 3, "change_message": ""}}, {"model": "admin.logentry", "pk": 43, "fields": {"action_time": "2023-02-08T00:07:08.074", "user": 1, "content_type": 2, "object_id": "8", "object_repr": "test-product", "action_flag": 3, "change_message": ""}}, {"model": "admin.logentry", "pk": 44, "fields": {"action_time": "2023-02-08T00:07:08.082", "user": 1, "content_type": 2, "object_id": "1", "object_repr": "\u0412\u043b\u0430\u0441\u0442\u0435\u043b\u0438\u043d \u043a\u043e\u043b\u0435\u0446", "action_flag": 3, "change_message": ""}}, {"model": "admin.logentry", "pk": 45, "fields": {"action_time": "2023-02-08T00:09:44.395", "user": 1, "content_type": 2, "object_id": "9", "object_repr": "\u042d\u043b\u0435\u043a\u0442\u0440\u043e\u043d\u043d\u0430\u044f \u043f\u043e\u0434\u043f\u0438\u0441\u044c", "action_flag": 1, "change_message": "[{\"added\": {}}]"}}, {"model": "admin.logentry", "pk": 46, "fields": {"action_time": "2023-02-08T00:14:46.973", "user": 1, "content_type": 2, "object_id": "6", "object_repr": "\u041f\u0440\u0438\u043d\u0442\u0435\u0440 \u044d\u0442\u0438\u043a\u0435\u0442\u043e\u043a Honeywell PC42T", "action_flag": 2, "change_message": "[{\"changed\": {\"fields\": [\"name\", \"slug\", \"description\", \"features\", \"price\", \"stock\", \"image\"]}}]"}}, {"model": "admin.logentry", "pk": 47, "fields": {"action_time": "2023-02-08T00:17:41.384", "user": 1, "content_type": 2, "object_id": "5", "object_repr": "\u041e\u043d\u043b\u0430\u0439\u043d-\u043a\u0430\u0441\u0441\u0430 \u041a\u0430\u0441\u0441\u0430\u0442\u043a\u0430 mini", "action_flag": 2, "change_message": "[{\"changed\": {\"fields\": [\"name\", \"description\", \"features\", \"price\", \"stock\"]}}]"}}, {"model": "admin.logentry", "pk": 48, "fields": {"action_time": "2023-02-08T00:22:58.466", "user": 1, "content_type": 3, "object_id": "35", "object_repr": "\u0417\u0430\u043a\u0430\u0437: 35", "action_flag": 3, "change_message": ""}}, {"model": "admin.logentry", "pk": 49, "fields": {"action_time": "2023-02-08T00:22:58.480", "user": 1, "content_type": 3, "object_id": "34", "object_repr": "\u0417\u0430\u043a\u0430\u0437: 34", "action_flag": 3, "change_message": ""}}, {"model": "admin.logentry", "pk": 50, "fields": {"action_time": "2023-02-08T00:22:58.484", "user": 1, "content_type": 3, "object_id": "33", "object_repr": "\u0417\u0430\u043a\u0430\u0437: 33", "action_flag": 3, "change_message": ""}}, {"model": "admin.logentry", "pk": 51, "fields": {"action_time": "2023-02-08T00:22:58.488", "user": 1, "content_type": 3, "object_id": "32", "object_repr": "\u0417\u0430\u043a\u0430\u0437: 32", "action_flag": 3, "change_message": ""}}, {"model": "admin.logentry", "pk": 52, "fields": {"action_time": "2023-02-08T00:22:58.491", "user": 1, "content_type": 3, "object_id": "31", "object_repr": "\u0417\u0430\u043a\u0430\u0437: 31", "action_flag": 3, "change_message": ""}}, {"model": "admin.logentry", "pk": 53, "fields": {"action_time": "2023-02-08T00:22:58.494", "user": 1, "content_type": 3, "object_id": "30", "object_repr": "\u0417\u0430\u043a\u0430\u0437: 30", "action_flag": 3, "change_message": ""}}, {"model": "admin.logentry", "pk": 54, "fields": {"action_time": "2023-02-08T00:22:58.496", "user": 1, "content_type": 3, "object_id": "29", "object_repr": "\u0417\u0430\u043a\u0430\u0437: 29", "action_flag": 3, "change_message": ""}}, {"model": "admin.logentry", "pk": 55, "fields": {"action_time": "2023-02-08T00:22:58.499", "user": 1, "content_type": 3, "object_id": "28", "object_repr": "\u0417\u0430\u043a\u0430\u0437: 28", "action_flag": 3, "change_message": ""}}, {"model": "admin.logentry", "pk": 56, "fields": {"action_time": "2023-02-08T00:22:58.503", "user": 1, "content_type": 3, "object_id": "27", "object_repr": "\u0417\u0430\u043a\u0430\u0437: 27", "action_flag": 3, "change_message": ""}}, {"model": "admin.logentry", "pk": 57, "fields": {"action_time": "2023-02-08T00:22:58.506", "user": 1, "content_type": 3, "object_id": "26", "object_repr": "\u0417\u0430\u043a\u0430\u0437: 26", "action_flag": 3, "change_message": ""}}, {"model": "admin.logentry", "pk": 58, "fields": {"action_time": "2023-02-08T00:22:58.509", "user": 1, "content_type": 3, "object_id": "25", "object_repr": "\u0417\u0430\u043a\u0430\u0437: 25", "action_flag": 3, "change_message": ""}}, {"model": "admin.logentry", "pk": 59, "fields": {"action_time": "2023-02-08T00:22:58.511", "user": 1, "content_type": 3, "object_id": "24", "object_repr": "\u0417\u0430\u043a\u0430\u0437: 24", "action_flag": 3, "change_message": ""}}, {"model": "admin.logentry", "pk": 60, "fields": {"action_time": "2023-02-08T00:22:58.514", "user": 1, "content_type": 3, "object_id": "23", "object_repr": "\u0417\u0430\u043a\u0430\u0437: 23", "action_flag": 3, "change_message": ""}}, {"model": "admin.logentry", "pk": 61, "fields": {"action_time": "2023-02-08T00:22:58.518", "user": 1, "content_type": 3, "object_id": "22", "object_repr": "\u0417\u0430\u043a\u0430\u0437: 22", "action_flag": 3, "change_message": ""}}, {"model": "admin.logentry", "pk": 62, "fields": {"action_time": "2023-02-08T00:22:58.521", "user": 1, "content_type": 3, "object_id": "21", "object_repr": "\u0417\u0430\u043a\u0430\u0437: 21", "action_flag": 3, "change_message": ""}}, {"model": "admin.logentry", "pk": 63, "fields": {"action_time": "2023-03-23T11:27:17.425", "user": 1, "content_type": 15, "object_id": "1", "object_repr": "\u043a\u0430\u0441\u0441\u044b", "action_flag": 1, "change_message": "[{\"added\": {}}]"}}, {"model": "admin.logentry", "pk": 64, "fields": {"action_time": "2023-03-23T11:28:11.642", "user": 1, "content_type": 2, "object_id": "4", "object_repr": "\u041a\u0430\u0441\u0441\u0430", "action_flag": 2, "change_message": "[{\"changed\": {\"fields\": [\"subcategory\", \"stars\"]}}]"}}, {"model": "admin.logentry", "pk": 65, "fields": {"action_time": "2023-03-23T11:28:35.641", "user": 1, "content_type": 2, "object_id": "4", "object_repr": "\u041a\u0430\u0441\u0441\u0430", "action_flag": 2, "change_message": "[{\"changed\": {\"fields\": [\"rating\"]}}]"}}, {"model": "admin.logentry", "pk": 66, "fields": {"action_time": "2023-03-23T11:28:59.670", "user": 1, "content_type": 2, "object_id": "4", "object_repr": "\u041a\u0430\u0441\u0441\u0430", "action_flag": 2, "change_message": "[{\"changed\": {\"fields\": [\"rating\"]}}]"}}, {"model": "admin.logentry", "pk": 67, "fields": {"action_time": "2023-03-23T11:29:06.874", "user": 1, "content_type": 2, "object_id": "4", "object_repr": "\u041a\u0430\u0441\u0441\u0430", "action_flag": 2, "change_message": "[{\"changed\": {\"fields\": [\"stars\"]}}]"}}, {"model": "admin.logentry", "pk": 68, "fields": {"action_time": "2023-03-23T11:29:20.689", "user": 1, "content_type": 2, "object_id": "4", "object_repr": "\u041a\u0430\u0441\u0441\u0430", "action_flag": 2, "change_message": "[]"}}, {"model": "admin.logentry", "pk": 69, "fields": {"action_time": "2023-03-23T11:29:26.318", "user": 1, "content_type": 2, "object_id": "4", "object_repr": "\u041a\u0430\u0441\u0441\u0430", "action_flag": 2, "change_message": "[{\"changed\": {\"fields\": [\"stars\"]}}]"}}, {"model": "admin.logentry", "pk": 70, "fields": {"action_time": "2023-03-23T11:36:34.500", "user": 1, "content_type": 2, "object_id": "4", "object_repr": "\u041a\u0430\u0441\u0441\u0430", "action_flag": 2, "change_message": "[{\"changed\": {\"fields\": [\"stars\"]}}]"}}, {"model": "admin.logentry", "pk": 71, "fields": {"action_time": "2023-03-23T11:36:46.471", "user": 1, "content_type": 2, "object_id": "4", "object_repr": "\u041a\u0430\u0441\u0441\u0430", "action_flag": 2, "change_message": "[{\"changed\": {\"fields\": [\"rating\"]}}]"}}, {"model": "admin.logentry", "pk": 72, "fields": {"action_time": "2023-03-23T11:36:59.498", "user": 1, "content_type": 2, "object_id": "4", "object_repr": "\u041a\u0430\u0441\u0441\u0430", "action_flag": 2, "change_message": "[{\"changed\": {\"fields\": [\"rating\"]}}]"}}, {"model": "admin.logentry", "pk": 73, "fields": {"action_time": "2023-03-23T11:37:14.284", "user": 1, "content_type": 2, "object_id": "4", "object_repr": "\u041a\u0430\u0441\u0441\u0430", "action_flag": 2, "change_message": "[{\"changed\": {\"fields\": [\"rating\"]}}]"}}, {"model": "admin.logentry", "pk": 74, "fields": {"action_time": "2023-03-23T11:37:30.689", "user": 1, "content_type": 2, "object_id": "4", "object_repr": "\u041a\u0430\u0441\u0441\u0430", "action_flag": 2, "change_message": "[{\"changed\": {\"fields\": [\"rating\"]}}]"}}, {"model": "admin.logentry", "pk": 75, "fields": {"action_time": "2023-03-23T11:37:38.636", "user": 1, "content_type": 2, "object_id": "4", "object_repr": "\u041a\u0430\u0441\u0441\u0430", "action_flag": 2, "change_message": "[{\"changed\": {\"fields\": [\"rating\"]}}]"}}, {"model": "admin.logentry", "pk": 76, "fields": {"action_time": "2023-03-23T11:40:46.064", "user": 1, "content_type": 2, "object_id": "4", "object_repr": "\u041a\u0430\u0441\u0441\u0430", "action_flag": 2, "change_message": "[]"}}, {"model": "admin.logentry", "pk": 77, "fields": {"action_time": "2023-03-23T11:40:54.011", "user": 1, "content_type": 2, "object_id": "4", "object_repr": "\u041a\u0430\u0441\u0441\u0430", "action_flag": 2, "change_message": "[{\"changed\": {\"fields\": [\"rating\"]}}]"}}, {"model": "admin.logentry", "pk": 78, "fields": {"action_time": "2023-03-23T11:46:05.324", "user": 1, "content_type": 2, "object_id": "4", "object_repr": "\u041a\u0430\u0441\u0441\u0430", "action_flag": 2, "change_message": "[{\"changed\": {\"fields\": [\"rating\"]}}]"}}, {"model": "admin.logentry", "pk": 79, "fields": {"action_time": "2023-03-26T10:01:37.842", "user": 1, "content_type": 2, "object_id": "4", "object_repr": "\u041a\u0430\u0441\u0441\u0430", "action_flag": 2, "change_message": "[{\"changed\": {\"fields\": [\"is_popular\"]}}]"}}, {"model": "admin.logentry", "pk": 80, "fields": {"action_time": "2023-03-26T10:01:46.673", "user": 1, "content_type": 2, "object_id": "4", "object_repr": "\u041a\u0430\u0441\u0441\u0430", "action_flag": 2, "change_message": "[{\"changed\": {\"fields\": [\"is_popular\"]}}]"}}, {"model": "admin.logentry", "pk": 81, "fields": {"action_time": "2023-03-26T11:06:11.665", "user": 1, "content_type": 2, "object_id": "4", "object_repr": "\u041a\u0430\u0441\u0441\u0430", "action_flag": 2, "change_message": "[{\"changed\": {\"fields\": [\"is_popular\"]}}]"}}, {"model": "admin.logentry", "pk": 82, "fields": {"action_time": "2023-03-29T11:15:06.848", "user": 1, "content_type": 2, "object_id": "5", "object_repr": "\u041e\u043d\u043b\u0430\u0439\u043d-\u043a\u0430\u0441\u0441\u0430 \u041a\u0430\u0441\u0441\u0430\u0442\u043a\u0430 mini", "action_flag": 2, "change_message": "[{\"changed\": {\"fields\": [\"available\"]}}]"}}, {"model": "admin.logentry", "pk": 83, "fields": {"action_time": "2023-03-29T11:16:20.194", "user": 1, "content_type": 1, "object_id": "1", "object_repr": "books", "action_flag": 3, "change_message": ""}}, {"model": "admin.logentry", "pk": 84, "fields": {"action_time": "2023-03-29T11:16:20.202", "user": 1, "content_type": 1, "object_id": "2", "object_repr": "cd", "action_flag": 3, "change_message": ""}}, {"model": "admin.logentry", "pk": 85, "fields": {"action_time": "2023-03-29T11:16:20.210", "user": 1, "content_type": 1, "object_id": "3", "object_repr": "pen", "action_flag": 3, "change_message": ""}}, {"model": "admin.logentry", "pk": 86, "fields": {"action_time": "2023-03-29T11:16:31.243", "user": 1, "content_type": 1, "object_id": "4", "object_repr": "\u041e\u0431\u043e\u0440\u0443\u0434\u043e\u0432\u0430\u043d\u0438\u0435", "action_flag": 2, "change_message": "[{\"changed\": {\"fields\": [\"slug\"]}}]"}}, {"model": "admin.logentry", "pk": 87, "fields": {"action_time": "2023-03-29T11:17:32.106", "user": 1, "content_type": 1, "object_id": "5", "object_repr": "\u0423\u0441\u043b\u0443\u0433\u0438", "action_flag": 2, "change_message": "[{\"changed\": {\"fields\": [\"slug\"]}}]"}}, {"model": "admin.logentry", "pk": 88, "fields": {"action_time": "2023-03-29T11:21:46.894", "user": 1, "content_type": 1, "object_id": "6", "object_repr": "\u041a\u043e\u043c\u043f\u043b\u0435\u043a\u0442\u044b", "action_flag": 1, "change_message": "[{\"added\": {}}]"}}, {"model": "admin.logentry", "pk": 89, "fields": {"action_time": "2023-03-29T11:22:34.641", "user": 1, "content_type": 15, "object_id": "1", "object_repr": "\u043a\u0430\u0441\u0441\u044b", "action_flag": 2, "change_message": "[{\"changed\": {\"fields\": [\"slug\"]}}]"}}, {"model": "admin.logentry", "pk": 90, "fields": {"action_time": "2023-03-29T11:25:42.091", "user": 1, "content_type": 15, "object_id": "1", "object_repr": "\u043a\u0430\u0441\u0441\u044b", "action_flag": 2, "change_message": "[]"}}, {"model": "admin.logentry", "pk": 91, "fields": {"action_time": "2023-03-29T11:34:18.890", "user": 1, "content_type": 15, "object_id": "1", "object_repr": "\u0421\u043c\u0430\u0440\u0442-\u0442\u0435\u0440\u043c\u0438\u043d\u0430\u043b", "action_flag": 2, "change_message": "[{\"changed\": {\"fields\": [\"name\", \"slug\"]}}]"}}, {"model": "admin.logentry", "pk": 92, "fields": {"action_time": "2023-03-29T11:34:40.130", "user": 1, "content_type": 15, "object_id": "2", "object_repr": "1C", "action_flag": 1, "change_message": "[{\"added\": {}}]"}}, {"model": "admin.logentry", "pk": 93, "fields": {"action_time": "2023-03-29T11:36:07.680", "user": 1, "content_type": 15, "object_id": "3", "object_repr": "\u0424\u0438\u0441\u043a\u0430\u043b\u044c\u043d\u044b\u0439 \u0440\u0435\u0433\u0438\u0441\u0442\u0440\u0430\u0442\u043e\u0440", "action_flag": 1, "change_message": "[{\"added\": {}}]"}}, {"model": "admin.logentry", "pk": 94, "fields": {"action_time": "2023-03-29T11:36:17.610", "user": 1, "content_type": 15, "object_id": "1", "object_repr": "\u0421\u043c\u0430\u0440\u0442-\u0442\u0435\u0440\u043c\u0438\u043d\u0430\u043b", "action_flag": 2, "change_message": "[{\"changed\": {\"fields\": [\"slug\"]}}]"}}, {"model": "admin.logentry", "pk": 95, "fields": {"action_time": "2023-03-29T11:47:50.354", "user": 1, "content_type": 15, "object_id": "4", "object_repr": "\u0421\u043a\u0430\u043d\u0435\u0440\u044b-\u0448\u0442\u0440\u0438\u0445\u043a\u043e\u0434\u043e\u0432", "action_flag": 1, "change_message": "[{\"added\": {}}]"}}, {"model": "admin.logentry", "pk": 96, "fields": {"action_time": "2023-03-29T11:49:18.407", "user": 1, "content_type": 15, "object_id": "5", "object_repr": "\u041f\u0440\u0438\u043d\u0442\u0435\u0440 \u044d\u0442\u0438\u043a\u0435\u0442\u043e\u043a", "action_flag": 1, "change_message": "[{\"added\": {}}]"}}, {"model": "admin.logentry", "pk": 97, "fields": {"action_time": "2023-03-29T11:50:36.514", "user": 1, "content_type": 15, "object_id": "6", "object_repr": "1C", "action_flag": 1, "change_message": "[{\"added\": {}}]"}}, {"model": "admin.logentry", "pk": 98, "fields": {"action_time": "2023-03-29T11:51:21.312", "user": 1, "content_type": 15, "object_id": "7", "object_repr": "\u0415\u0413\u0410\u0418\u0421", "action_flag": 1, "change_message": "[{\"added\": {}}]"}}, {"model": "admin.logentry", "pk": 99, "fields": {"action_time": "2023-03-29T11:51:45.649", "user": 1, "content_type": 15, "object_id": "8", "object_repr": "\u042d\u0426\u041f", "action_flag": 1, "change_message": "[{\"added\": {}}]"}}, {"model": "admin.logentry", "pk": 100, "fields": {"action_time": "2023-03-29T11:52:14.953", "user": 1, "content_type": 15, "object_id": "9", "object_repr": "\u041a\u0430\u0441\u0441\u0430", "action_flag": 1, "change_message": "[{\"added\": {}}]"}}, {"model": "admin.logentry", "pk": 101, "fields": {"action_time": "2023-03-29T11:52:35.135", "user": 1, "content_type": 15, "object_id": "10", "object_repr": "\u041e\u0424\u0414", "action_flag": 1, "change_message": "[{\"added\": {}}]"}}, {"model": "admin.logentry", "pk": 102, "fields": {"action_time": "2023-03-29T11:53:01.566", "user": 1, "content_type": 15, "object_id": "11", "object_repr": "\u0424\u0413\u0418\u0421 \u041c\u0435\u0440\u043a\u0443\u0440\u0438\u0439", "action_flag": 1, "change_message": "[{\"added\": {}}]"}}, {"model": "admin.logentry", "pk": 103, "fields": {"action_time": "2023-03-29T11:53:39.502", "user": 1, "content_type": 15, "object_id": "12", "object_repr": "\u0427\u0435\u0441\u0442\u043d\u044b\u0439 \u0437\u043d\u0430\u043a", "action_flag": 1, "change_message": "[{\"added\": {}}]"}}, {"model": "admin.logentry", "pk": 104, "fields": {"action_time": "2023-03-29T11:54:03.217", "user": 1, "content_type": 15, "object_id": "13", "object_repr": "\u0418\u041f", "action_flag": 1, "change_message": "[{\"added\": {}}]"}}, {"model": "admin.logentry", "pk": 105, "fields": {"action_time": "2023-03-29T11:55:48.009", "user": 1, "content_type": 15, "object_id": "6", "object_repr": "1C(\u0443\u0441\u043b\u0443\u0433\u0438)", "action_flag": 2, "change_message": "[{\"changed\": {\"fields\": [\"name\"]}}]"}}, {"model": "admin.logentry", "pk": 106, "fields": {"action_time": "2023-03-29T11:56:31.082", "user": 1, "content_type": 15, "object_id": "6", "object_repr": "1C", "action_flag": 2, "change_message": "[{\"changed\": {\"fields\": [\"name\"]}}]"}}, {"model": "admin.logentry", "pk": 107, "fields": {"action_time": "2023-03-29T11:57:03.318", "user": 1, "content_type": 15, "object_id": "2", "object_repr": "\u041a\u043e\u043c\u043f\u043b\u0435\u043a\u0442\u044b 1C", "action_flag": 2, "change_message": "[{\"changed\": {\"fields\": [\"name\", \"slug\"]}}]"}}, {"model": "admin.logentry", "pk": 108, "fields": {"action_time": "2023-03-29T11:57:13.346", "user": 1, "content_type": 15, "object_id": "6", "object_repr": "1C", "action_flag": 2, "change_message": "[{\"changed\": {\"fields\": [\"slug\"]}}]"}}, {"model": "admin.logentry", "pk": 109, "fields": {"action_time": "2023-03-29T12:02:18.347", "user": 1, "content_type": 2, "object_id": "10", "object_repr": "1\u0421:\u0420\u043e\u0437\u043d\u0438\u0446\u0430 (\u0431\u0430\u0437\u043e\u0432\u0430\u044f)", "action_flag": 1, "change_message": "[{\"added\": {}}]"}}, {"model": "admin.logentry", "pk": 110, "fields": {"action_time": "2023-03-29T12:06:13.058", "user": 1, "content_type": 2, "object_id": "11", "object_repr": "1\u0421:\u0420\u043e\u0437\u043d\u0438\u0446\u0430 \u041f\u0420\u041e\u0424", "action_flag": 1, "change_message": "[{\"added\": {}}]"}}, {"model": "admin.logentry", "pk": 111, "fields": {"action_time": "2023-03-29T12:06:47.340", "user": 1, "content_type": 2, "object_id": "4", "object_repr": "\u041a\u0430\u0441\u0441\u0430", "action_flag": 3, "change_message": ""}}, {"model": "admin.logentry", "pk": 112, "fields": {"action_time": "2023-03-29T12:06:47.381", "user": 1, "content_type": 2, "object_id": "2", "object_repr": "\u041c\u0430\u0440\u043a\u0438\u0440\u043e\u0432\u043a\u0430 \u0442\u043e\u0432\u0430\u0440\u043e\u0432 \"\u043f\u043e\u0434 \u043a\u043b\u044e\u0447\"", "action_flag": 3, "change_message": ""}}, {"model": "admin.logentry", "pk": 113, "fields": {"action_time": "2023-03-29T12:06:47.389", "user": 1, "content_type": 2, "object_id": "5", "object_repr": "\u041e\u043d\u043b\u0430\u0439\u043d-\u043a\u0430\u0441\u0441\u0430 \u041a\u0430\u0441\u0441\u0430\u0442\u043a\u0430 mini", "action_flag": 3, "change_message": ""}}, {"model": "admin.logentry", "pk": 114, "fields": {"action_time": "2023-03-29T12:06:47.397", "user": 1, "content_type": 2, "object_id": "6", "object_repr": "\u041f\u0440\u0438\u043d\u0442\u0435\u0440 \u044d\u0442\u0438\u043a\u0435\u0442\u043e\u043a Honeywell PC42T", "action_flag": 3, "change_message": ""}}, {"model": "admin.logentry", "pk": 115, "fields": {"action_time": "2023-03-29T12:06:47.397", "user": 1, "content_type": 2, "object_id": "9", "object_repr": "\u042d\u043b\u0435\u043a\u0442\u0440\u043e\u043d\u043d\u0430\u044f \u043f\u043e\u0434\u043f\u0438\u0441\u044c", "action_flag": 3, "change_message": ""}}, {"model": "admin.logentry", "pk": 116, "fields": {"action_time": "2023-03-29T12:09:58.839", "user": 1, "content_type": 2, "object_id": "12", "object_repr": "1\u0421:\u0423\u043f\u0440\u0430\u0432\u043b\u0435\u043d\u0438\u0435 \u0442\u043e\u0440\u0433\u043e\u0432\u043b\u0435\u0439 (\u0431\u0430\u0437\u043e\u0432\u0430\u044f)", "action_flag": 1, "change_message": "[{\"added\": {}}]"}}, {"model": "admin.logentry", "pk": 117, "fields": {"action_time": "2023-03-29T12:13:31.884", "user": 1, "content_type": 2, "object_id": "13", "object_repr": "1\u0421:\u041f\u0440\u0435\u0434\u043f\u0440\u0438\u044f\u0442\u0438\u0435 - 1 \u0440\u0430\u0431\u043e\u0447\u0435\u0435 \u043c\u0435\u0441\u0442\u043e", "action_flag": 1, "change_message": "[{\"added\": {}}]"}}, {"model": "admin.logentry", "pk": 118, "fields": {"action_time": "2023-03-29T12:16:21.585", "user": 1, "content_type": 2, "object_id": "14", "object_repr": "\u0424\u0438\u0441\u043a\u0430\u043b\u044c\u043d\u044b\u0439 \u0440\u0435\u0433\u0438\u0441\u0442\u0440\u0430\u0442\u043e\u0440 \u0410\u0422\u041e\u041b 30\u0424", "action_flag": 1, "change_message": "[{\"added\": {}}]"}}, {"model": "admin.logentry", "pk": 119, "fields": {"action_time": "2023-03-29T12:21:17.328", "user": 1, "content_type": 2, "object_id": "15", "object_repr": "\u0424\u0438\u0441\u043a\u0430\u043b\u044c\u043d\u044b\u0439 \u0440\u0435\u0433\u0441\u0438\u0442\u0440\u0430\u0442\u043e\u0440 \u0410\u0422\u041e\u041b 55\u0424", "action_flag": 1, "change_message": "[{\"added\": {}}]"}}, {"model": "admin.logentry", "pk": 120, "fields": {"action_time": "2023-03-29T12:23:39.150", "user": 1, "content_type": 2, "object_id": "16", "object_repr": "\u0421\u043c\u0430\u0440\u0442-\u0442\u0435\u0440\u043c\u0438\u043d\u0430\u043b \u0410\u0422\u041e\u041b Sigma 7", "action_flag": 1, "change_message": "[{\"added\": {}}]"}}, {"model": "admin.logentry", "pk": 121, "fields": {"action_time": "2023-03-29T12:25:19.682", "user": 1, "content_type": 2, "object_id": "17", "object_repr": "\u041f\u0440\u043e\u0432\u043e\u0434\u043d\u043e\u0439 \u0441\u043a\u0430\u043d\u0435\u0440 Mindeo MD6600", "action_flag": 1, "change_message": "[{\"added\": {}}]"}}, {"model": "admin.logentry", "pk": 122, "fields": {"action_time": "2023-03-29T12:26:48.741", "user": 1, "content_type": 2, "object_id": "17", "object_repr": "\u041f\u0440\u043e\u0432\u043e\u0434\u043d\u043e\u0439 \u0441\u043a\u0430\u043d\u0435\u0440 Mindeo MD6600", "action_flag": 2, "change_message": "[{\"changed\": {\"fields\": [\"image\"]}}]"}}, {"model": "admin.logentry", "pk": 123, "fields": {"action_time": "2023-03-29T12:34:59.076", "user": 1, "content_type": 2, "object_id": "18", "object_repr": "\u041f\u0440\u0438\u043d\u0442\u0435\u0440 \u044d\u0442\u0438\u043a\u0435\u0442\u043e\u043a TSC TDP 225", "action_flag": 1, "change_message": "[{\"added\": {}}]"}}, {"model": "admin.logentry", "pk": 124, "fields": {"action_time": "2023-03-29T12:38:14.777", "user": 1, "content_type": 2, "object_id": "19", "object_repr": "\u041f\u043e\u0434\u043a\u043b\u044e\u0447\u0435\u043d\u0438\u0435 \u0438 \u043d\u0430\u0441\u0442\u0440\u043e\u0439\u043a\u0430 \u042d\u0414\u041e", "action_flag": 1, "change_message": "[{\"added\": {}}]"}}, {"model": "admin.logentry", "pk": 125, "fields": {"action_time": "2023-03-29T12:38:40.300", "user": 1, "content_type": 2, "object_id": "19", "object_repr": "\u041f\u043e\u0434\u043a\u043b\u044e\u0447\u0435\u043d\u0438\u0435 \u0438 \u043d\u0430\u0441\u0442\u0440\u043e\u0439\u043a\u0430 \u042d\u0414\u041e", "action_flag": 2, "change_message": "[{\"changed\": {\"fields\": [\"rating\", \"stars\"]}}]"}}, {"model": "admin.logentry", "pk": 126, "fields": {"action_time": "2023-03-29T12:40:17.898", "user": 1, "content_type": 2, "object_id": "20", "object_repr": "\u0414\u043e\u0440\u0430\u0431\u043e\u0442\u043a\u0430 \u043f\u0440\u043e\u0433\u0440\u0430\u043c\u043c 1\u0421 \u043f\u043e\u0434 \u043f\u043e\u0442\u0440\u0435\u0431\u043d\u043e\u0441\u0442\u0438 \u0437\u0430\u043a\u0430\u0437\u0447\u0438\u043a\u0430", "action_flag": 1, "change_message": "[{\"added\": {}}]"}}, {"model": "admin.logentry", "pk": 127, "fields": {"action_time": "2023-03-29T12:41:57.300", "user": 1, "content_type": 2, "object_id": "21", "object_repr": "\u041d\u0430\u0441\u0442\u0440\u043e\u0439\u043a\u0430 \u0443\u0447\u0435\u0442\u0430 \u0415\u0413\u0410\u0418\u0421", "action_flag": 1, "change_message": "[{\"added\": {}}]"}}, {"model": "admin.logentry", "pk": 128, "fields": {"action_time": "2023-03-29T12:42:56.675", "user": 1, "content_type": 2, "object_id": "22", "object_repr": "\u041f\u043e\u043b\u0443\u0447\u0435\u043d\u0438\u0435 \u042d\u0426\u041f \u0415\u0413\u0410\u0418\u0421", "action_flag": 1, "change_message": "[{\"added\": {}}]"}}, {"model": "admin.logentry", "pk": 129, "fields": {"action_time": "2023-03-29T12:47:26.743", "user": 1, "content_type": 2, "object_id": "23", "object_repr": "\u041f\u043e\u043b\u0443\u0447\u0435\u043d\u0438\u0435 \u042d\u0426\u041f (\u041c\u0430\u0440\u043a\u0438\u0440\u043e\u0432\u043a\u0430)", "action_flag": 1, "change_message": "[{\"added\": {}}]"}}, {"model": "admin.logentry", "pk": 130, "fields": {"action_time": "2023-03-29T12:55:21.784", "user": 1, "content_type": 2, "object_id": "24", "object_repr": "\u0420\u0435\u0433\u0438\u0441\u0442\u0440\u0430\u0446\u0438\u044f \u041a\u041a\u0422", "action_flag": 1, "change_message": "[{\"added\": {}}]"}}, {"model": "admin.logentry", "pk": 131, "fields": {"action_time": "2023-03-29T12:56:22.426", "user": 1, "content_type": 2, "object_id": "25", "object_repr": "\u0421\u043d\u044f\u0442\u0438\u0435 \u041a\u041a\u0422 \u0441 \u0443\u0447\u0435\u0442\u0430", "action_flag": 1, "change_message": "[{\"added\": {}}]"}}, {"model": "admin.logentry", "pk": 132, "fields": {"action_time": "2023-03-29T12:57:35.941", "user": 1, "content_type": 2, "object_id": "26", "object_repr": "\u0423\u0441\u043b\u0443\u0433\u0438 \u041e\u0424\u0414 15 \u043c\u0435\u0441.", "action_flag": 1, "change_message": "[{\"added\": {}}]"}}, {"model": "admin.logentry", "pk": 133, "fields": {"action_time": "2023-03-29T12:58:18.746", "user": 1, "content_type": 2, "object_id": "27", "object_repr": "\u0423\u0441\u043b\u0443\u0433\u0438 \u041e\u0424\u0414 36 \u043c\u0435\u0441.", "action_flag": 1, "change_message": "[{\"added\": {}}]"}}, {"model": "admin.logentry", "pk": 134, "fields": {"action_time": "2023-03-29T12:58:27.766", "user": 1, "content_type": 2, "object_id": "27", "object_repr": "\u0423\u0441\u043b\u0443\u0433\u0438 \u041e\u0424\u0414 36 \u043c\u0435\u0441.", "action_flag": 2, "change_message": "[{\"changed\": {\"fields\": [\"image\"]}}]"}}, {"model": "admin.logentry", "pk": 135, "fields": {"action_time": "2023-03-29T13:00:19.041", "user": 1, "content_type": 2, "object_id": "28", "object_repr": "\u0420\u0435\u0433\u0438\u0441\u0442\u0440\u0430\u0446\u0438\u044f \u0432 \u0424\u0413\u0418\u0421 \u041c\u0435\u0440\u043a\u0443\u0440\u0438\u0439", "action_flag": 1, "change_message": "[{\"added\": {}}]"}}, {"model": "admin.logentry", "pk": 136, "fields": {"action_time": "2023-03-29T13:04:10.038", "user": 1, "content_type": 2, "object_id": "29", "object_repr": "\u0420\u0435\u0433\u0438\u0441\u0442\u0440\u0430\u0446\u0438\u044f \u0432 \u0427\u0435\u0441\u0442\u043d\u044b\u0439 \u0437\u043d\u0430\u043a", "action_flag": 1, "change_message": "[{\"added\": {}}]"}}, {"model": "admin.logentry", "pk": 137, "fields": {"action_time": "2023-03-29T13:06:17.225", "user": 1, "content_type": 2, "object_id": "30", "object_repr": "\u0420\u0435\u0433\u0438\u0441\u0442\u0440\u0430\u0446\u0438\u044f \u0418\u041f", "action_flag": 1, "change_message": "[{\"added\": {}}]"}}, {"model": "admin.logentry", "pk": 138, "fields": {"action_time": "2023-03-29T13:06:56.533", "user": 1, "content_type": 2, "object_id": "31", "object_repr": "\u0417\u0430\u043a\u0440\u044b\u0442\u0438\u0435 \u0418\u041f", "action_flag": 1, "change_message": "[{\"added\": {}}]"}}, {"model": "admin.logentry", "pk": 139, "fields": {"action_time": "2023-03-29T13:10:28.457", "user": 1, "content_type": 15, "object_id": "14", "object_repr": "\u041a\u043e\u043c\u043f\u043b\u0435\u043a\u0442\u044b", "action_flag": 1, "change_message": "[{\"added\": {}}]"}}, {"model": "admin.logentry", "pk": 140, "fields": {"action_time": "2023-03-29T13:12:51.884", "user": 1, "content_type": 2, "object_id": "32", "object_repr": "\u041a\u043e\u043c\u043f\u043b\u0435\u043a\u0442 \u0434\u043b\u044f \u043c\u0430\u0433\u0430\u0437\u0438\u043d\u0430 \u0441 \u043e\u0434\u043d\u0438\u043c \u0440\u0430\u0431\u043e\u0447\u0438\u043c \u043c\u0435\u0441\u0442\u043e\u043c:", "action_flag": 1, "change_message": "[{\"added\": {}}]"}}, {"model": "admin.logentry", "pk": 141, "fields": {"action_time": "2023-03-29T13:14:35.822", "user": 1, "content_type": 2, "object_id": "33", "object_repr": "\u041a\u043e\u043c\u043f\u043b\u0435\u043a\u0442 \u0434\u043b\u044f \u043c\u0430\u0433\u0430\u0437\u0438\u043d\u0430 \u0441 \u0434\u0432\u0443\u043c\u044f \u0440\u0430\u0431\u043e\u0447\u0438\u043c \u043c\u0435\u0441\u0442\u0430\u043c\u0438", "action_flag": 1, "change_message": "[{\"added\": {}}]"}}, {"model": "admin.logentry", "pk": 142, "fields": {"action_time": "2023-04-02T14:21:45.090", "user": 1, "content_type": 16, "object_id": "1", "object_repr": "CallBack object (1)", "action_flag": 1, "change_message": "[{\"added\": {}}]"}}, {"model": "admin.logentry", "pk": 143, "fields": {"action_time": "2023-04-02T14:24:43.346", "user": 1, "content_type": 16, "object_id": "2", "object_repr": "CallBack object (2)", "action_flag": 1, "change_message": "[{\"added\": {}}]"}}, {"model": "admin.logentry", "pk": 144, "fields": {"action_time": "2023-04-02T15:38:13.408", "user": 1, "content_type": 16, "object_id": "13", "object_repr": "CallBack object (13)", "action_flag": 3, "change_message": ""}}, {"model": "admin.logentry", "pk": 145, "fields": {"action_time": "2023-04-02T15:38:13.422", "user": 1, "content_type": 16, "object_id": "12", "object_repr": "CallBack object (12)", "action_flag": 3, "change_message": ""}}, {"model": "admin.logentry", "pk": 146, "fields": {"action_time": "2023-04-02T15:38:13.426", "user": 1, "content_type": 16, "object_id": "11", "object_repr": "CallBack object (11)", "action_flag": 3, "change_message": ""}}, {"model": "admin.logentry", "pk": 147, "fields": {"action_time": "2023-04-02T15:38:13.429", "user": 1, "content_type": 16, "object_id": "10", "object_repr": "CallBack object (10)", "action_flag": 3, "change_message": ""}}, {"model": "admin.logentry", "pk": 148, "fields": {"action_time": "2023-04-02T15:38:13.433", "user": 1, "content_type": 16, "object_id": "9", "object_repr": "CallBack object (9)", "action_flag": 3, "change_message": ""}}, {"model": "admin.logentry", "pk": 149, "fields": {"action_time": "2023-04-02T15:38:13.437", "user": 1, "content_type": 16, "object_id": "8", "object_repr": "CallBack object (8)", "action_flag": 3, "change_message": ""}}, {"model": "admin.logentry", "pk": 150, "fields": {"action_time": "2023-04-02T15:38:13.442", "user": 1, "content_type": 16, "object_id": "7", "object_repr": "CallBack object (7)", "action_flag": 3, "change_message": ""}}, {"model": "admin.logentry", "pk": 151, "fields": {"action_time": "2023-04-02T15:38:13.446", "user": 1, "content_type": 16, "object_id": "6", "object_repr": "CallBack object (6)", "action_flag": 3, "change_message": ""}}, {"model": "admin.logentry", "pk": 152, "fields": {"action_time": "2023-04-02T15:38:13.450", "user": 1, "content_type": 16, "object_id": "5", "object_repr": "CallBack object (5)", "action_flag": 3, "change_message": ""}}, {"model": "admin.logentry", "pk": 153, "fields": {"action_time": "2023-04-02T15:38:13.454", "user": 1, "content_type": 16, "object_id": "4", "object_repr": "CallBack object (4)", "action_flag": 3, "change_message": ""}}, {"model": "admin.logentry", "pk": 154, "fields": {"action_time": "2023-04-02T15:38:13.458", "user": 1, "content_type": 16, "object_id": "3", "object_repr": "CallBack object (3)", "action_flag": 3, "change_message": ""}}, {"model": "admin.logentry", "pk": 155, "fields": {"action_time": "2023-04-05T09:06:23.797", "user": 1, "content_type": 16, "object_id": "14", "object_repr": "CallBack object (14)", "action_flag": 3, "change_message": ""}}, {"model": "admin.logentry", "pk": 156, "fields": {"action_time": "2023-04-05T09:06:23.797", "user": 1, "content_type": 16, "object_id": "15", "object_repr": "CallBack object (15)", "action_flag": 3, "change_message": ""}}, {"model": "admin.logentry", "pk": 157, "fields": {"action_time": "2023-04-05T09:06:23.805", "user": 1, "content_type": 16, "object_id": "16", "object_repr": "CallBack object (16)", "action_flag": 3, "change_message": ""}}, {"model": "admin.logentry", "pk": 158, "fields": {"action_time": "2023-04-05T09:06:23.813", "user": 1, "content_type": 16, "object_id": "17", "object_repr": "CallBack object (17)", "action_flag": 3, "change_message": ""}}, {"model": "admin.logentry", "pk": 159, "fields": {"action_time": "2023-04-05T09:06:23.813", "user": 1, "content_type": 16, "object_id": "18", "object_repr": "CallBack object (18)", "action_flag": 3, "change_message": ""}}, {"model": "admin.logentry", "pk": 160, "fields": {"action_time": "2023-04-05T09:06:23.821", "user": 1, "content_type": 16, "object_id": "19", "object_repr": "CallBack object (19)", "action_flag": 3, "change_message": ""}}, {"model": "admin.logentry", "pk": 161, "fields": {"action_time": "2023-04-05T09:06:23.829", "user": 1, "content_type": 16, "object_id": "20", "object_repr": "CallBack object (20)", "action_flag": 3, "change_message": ""}}, {"model": "users.profile", "pk": 1, "fields": {"user": 1, "phone": ""}}, {"model": "users.profile", "pk": 2, "fields": {"user": 2, "phone": ""}}]